{
  "format_version": "1.12",
  "minecraft:recipe_shaped": {
    "description": {
      "identifier": "rainbow_sword_f58a25ca"
    },
    "tags": [
      "crafting_table"
    ],
    "pattern": [
      "ABC",
      "DEF",
      " G "
    ],
    "key": {
      "A": {
        "item": "pa:blue_iron_ingot",
        "data": 0
      },
      "B": {
        "item": "pa:red_iron_ingot",
        "data": 0
      },
      "C": {
        "item": "pa:purple_iron_ingot",
        "data": 0
      },
      "D": {
        "item": "minecraft:gold_ingot",
        "data": 0
      },
      "E": {
        "item": "pa:orange_iron_ingot",
        "data": 0
      },
      "F": {
        "item": "pa:pink_iron_ingot",
        "data": 0
      },
      "G": {
        "item": "minecraft:stick",
        "data": 0
      }
    },
    "result": {
      "item": "pa:rainbow_sword",
      "count": 1
    }
  }
}