{
  "format_version": "1.12",
  "minecraft:recipe_shaped": {
    "description": {
      "identifier": "rainbow_orb_639ea1fb"
    },
    "tags": [
      "crafting_table"
    ],
    "pattern": [
      "ABC",
      "DEF",
      "GHI"
    ],
    "key": {
      "A": {
        "item": "minecraft:wool",
        "data": 4
      },
      "B": {
        "item": "minecraft:wool",
        "data": 1
      },
      "C": {
        "item": "minecraft:wool",
        "data": 10
      },
      "D": {
        "item": "minecraft:wool",
        "data": 13
      },
      "E": {
        "item": "pa:orb_of_life",
        "data": 0
      },
      "F": {
        "item": "minecraft:wool",
        "data": 14
      },
      "G": {
        "item": "minecraft:wool",
        "data": 3
      },
      "H": {
        "item": "minecraft:wool",
        "data": 12
      },
      "I": {
        "item": "minecraft:wool",
        "data": 6
      }
    },
    "result": {
      "item": "pa:rainbow_orb",
      "count": 1
    }
  }
}