{
  "resource_pack_name": "vanilla",
  "texture_name": "atlas.items",
  "texture_data": {
    "egg_camel": {
      "textures": "textures/items/egg_camel"
    },
    "egg_lion": {
      "textures": "textures/items/egg_lion"
    },
    "egg_penguin": {
      "textures": "textures/items/egg_penguin"
    },
    "egg_tiger": {
      "textures": "textures/items/egg_tiger"
    },
    "egg_elephant": {
      "textures": "textures/items/egg_elephant"
    },
    "egg_deer": {
      "textures": "textures/items/egg_deer"
    },
    "egg_panther": {
      "textures": "textures/items/egg_panther"
    },
    "egg_frog": {
      "textures": "textures/items/egg_frog"
    },
    "egg_crocodile": {
      "textures": "textures/items/egg_crocodile"
    },
    "egg_mouse": {
      "textures": "textures/items/egg_mouse"
    },
    "gallardo": {
      "textures": "textures/items/gallardo"
    },
    "bench": {
      "textures": "textures/items/bench"
    },
    "christmas_tree": {
      "textures": "textures/items/christmas_tree"
    },
    "tivi": {
      "textures": "textures/items/tivi"
    },
    "closet": {
      "textures": "textures/items/closet"
    },
    "laptop": {
      "textures": "textures/items/laptop"
    },
    "piano": {
      "textures": "textures/items/piano"
    },
    "armchairs": {
      "textures": "textures/items/armchairs"
    },
    "chair": {
      "textures": "textures/items/chair"
    },
    "big_table": {
      "textures": "textures/items/big_table"
    },
    "small_table": {
      "textures": "textures/items/small_table"
    },
    "drone": {
      "textures": "textures/items/drone"
    },
    "colorful_gifts": {
      "textures": "textures/items/colorful_gifts"
    },
    "pa_iron_greatsword": {
      "textures": "textures/items/pamobile/pa_iron_greatsword"
    },
    "pa_iron_knife": {
      "textures": "textures/items/pamobile/pa_iron_knife"
    },
    "pa_iron_lance": {
      "textures": "textures/items/pamobile/pa_iron_lance"
    },
    "pa_iron_hammer": {
      "textures": "textures/items/pamobile/pa_iron_hammer"
    },
    "pa_iron_rapier": {
      "textures": "textures/items/pamobile/pa_iron_rapier"
    },
    "pa_steel_sword": {
      "textures": "textures/items/pamobile/pa_steel_sword"
    },
    "pa_steel_sickle": {
      "textures": "textures/items/pamobile/pa_steel_sickle"
    },
    "pa:metal_stick": {
      "textures": "textures/items/pamobile/pa_metal_stick"
    },
    "pa_steel_shortsword": {
      "textures": "textures/items/pamobile/pa_steel_shortsword"
    },
    "pa:heavy_gold_ingot": {
      "textures": "textures/items/pamobile/pa_heavy_gold_ingot"
    },
    "pa_steel_katana": {
      "textures": "textures/items/pamobile/pa_steel_katana"
    },
    "pa_steel_waraxe": {
      "textures": "textures/items/pamobile/pa_steel_waraxe"
    },
    "pa_golden_lance": {
      "textures": "textures/items/pamobile/pa_golden_lance"
    },
    "pa_golden_saber": {
      "textures": "textures/items/pamobile/pa_golden_saber"
    },
    "pa_steel_styche": {
      "textures": "textures/items/pamobile/pa_steel_styche"
    },
    "pa_golden_naginata": {
      "textures": "textures/items/pamobile/pa_golden_naginata"
    },
    "pa_golden_broadsword": {
      "textures": "textures/items/pamobile/pa_golden_broadsword"
    },
    "pa_steel_bat": {
      "textures": "textures/items/pamobile/pa_steel_bat"
    },
    "pa_blowgun": {
      "textures": "textures/items/pamobile/pa_blowgun"
    },
    "pa_iron_dagger": {
      "textures": "textures/items/pamobile/pa_iron_dagger"
    },
    "pa_iron_glaive": {
      "textures": "textures/items/pamobile/pa_iron_glaive"
    },
    "pa_iron_pike": {
      "textures": "textures/items/pamobile/pa_iron_pike"
    },
    "pa_steel_mace": {
      "textures": "textures/items/pamobile/pa_steel_mace"
    },
    "pa_steel_machete": {
      "textures": "textures/items/pamobile/pa_steel_machete"
    },
    "pa:steel_ingot": {
      "textures": "textures/items/pamobile/pa_steel_ingot"
    },
    "pa_emerald_blade": {
      "textures": "textures/items/pamobile/pa_emerald_blade"
    },
    "pa_iron_longsword": {
      "textures": "textures/items/pamobile/pa_iron_longsword"
    },
    "pa_golden_hatchet": {
      "textures": "textures/items/pamobile/pa_golden_hatchet"
    }
  }
}