{
  "format_version": "1.15.0",
  "minecraft:biome": {
    "description": {
      "identifier": "mergedbiome"
    },
    "components": {
      "minecraft:climate": {
        "downfall": 1,
        "snow_accumulation": [
          0.18,
          0.43
        ],
        "temperature": 2.0,
        "blue_spores": 0,
        "red_spores": 1,
        "white_ash": 0,
        "ash": 0
      },
      "minecraft:overworld_height": {
        "noise_type": "less_extreme"
      },
      "animal": {},
      "monster": {},
      "overworld": {},
      "mergedbiome": {},
      "minecraft:surface_parameters": {
        "top_material": "minecraft:blackstone",
        "mid_material": "minecraft:packed_ice",
        "foundation_material": "minecraft:end_stone",
        "sea_floor_material": "minecraft:sand",
        "sea_material": "minecraft:lava",
        "sea_floor_depth": 7
      },
      "minecraft:overworld_generation_rules": {
        "hills_transformation": "birch_forest_hills",
        "river_transformation": "frozen_river",
        "generate_for_climates": [
          [
            "cold",
            10
          ],
          [
            "medium",
            30
          ]
        ],
        "mutate_transformation": "jungle_mutated",
        "shore_transformation": "mushroom_island_shore"
      }
    }
  }
}