{
  "resource_pack_name": "vanilla",
  "texture_name": "atlas.items",
  "texture_data": {
	"sword_ender": {
      "textures": "textures/items/swords/sword_ender"
   },
    "molten_sword": {
      "textures": "textures/items/swords/molten_sword"
    },
    "wither_sword": {
      "textures": "textures/items/swords/wither_sword"
    },
    "wither_bone": {
      "textures": "textures/items/wither_bone"
    },
    "diamond_wither": {
      "textures": "textures/items/diamond_wither"
    },
    "molten_ingot": {
      "textures": "textures/items/ingots/molten_ingot"
    },
    "obsidian_bar": {
      "textures": "textures/items/obsidian/obsidian_bar"
    },
    "obsidian_stick": {
      "textures": "textures/items/obsidian/obsidian_stick"
    },
    "obsidian_sword": {
      "textures": "textures/items/obsidian/obsidian_sword"
    },
    "adamant": {
      "textures": "textures/items/adamant/adamant"
    },
    "adamant_sword": {
      "textures": "textures/items/adamant/adamant_sword"
    },
    "battlehammer_adamant": {
      "textures": "textures/items/adamant/battlehammer_adamant"
    },
    "battlehammer_molten": {
      "textures": "textures/items/ingots/battlehammer_molten"
    },
    "battlehammer_obsidian": {
      "textures": "textures/items/obsidian/battlehammer_obsidian"
    },
    "apple_molten": {
      "textures": "textures/items/apples/apple_molten"
    },
    "bluecrystal_ingot": {
      "textures": "textures/items/crystals/blue/bluecrystal_ingot"
    },
    "darkcrystal_ingot": {
      "textures": "textures/items/crystals/dark/darkcrystal_ingot"
    },
    "greencrystal_ingot": {
      "textures": "textures/items/crystals/green/greencrystal_ingot"
    },
    "pinkcrystal_ingot": {
      "textures": "textures/items/crystals/pink/pinkcrystal_ingot"
    },
    "redcrystal_ingot": {
      "textures": "textures/items/crystals/red/redcrystal_ingot"
    },
    "bluecrystal_sword": {
      "textures": "textures/items/crystals/blue/bluecrystal_sword"
    },
    "darkcrystal_sword": {
      "textures": "textures/items/crystals/dark/darkcrystal_sword"
    },
    "greencrystal_sword": {
      "textures": "textures/items/crystals/green/greencrystal_sword"
    },
    "pinkcrystal_sword": {
      "textures": "textures/items/crystals/pink/pinkcrystal_sword"
    },
    "redcrystal_sword": {
      "textures": "textures/items/crystals/red/redcrystal_sword"
    },
    "compressed_stick": {
      "textures": "textures/items/compressed_stick"
    },
    "bluecrystal_sickle": {
      "textures": "textures/items/crystals/blue/bluecrystal_sickle"
    },
    "darkcrystal_sickle": {
      "textures": "textures/items/crystals/dark/darkcrystal_sickle"
    },
    "greencrystal_sickle": {
      "textures": "textures/items/crystals/green/greencrystal_sickle"
    },
    "pinkcrystal_sickle": {
      "textures": "textures/items/crystals/pink/pinkcrystal_sickle"
    },
    "redcrystal_sickle": {
      "textures": "textures/items/crystals/red/redcrystal_sickle"
    },
    "infinity_crystal": {
      "textures": "textures/items/infinity/infinity_crystal"
    },
    "infinity_crystal_star": {
      "textures": "textures/items/infinity/infinity_crystal_star"
    },
    "infinity_crystal_rod": {
      "textures": "textures/items/infinity/infinity_crystal_rod"
    },
    "infinity_crystal_sword": {
      "textures": "textures/items/infinity/infinity_crystal_sword"
    },
    "infinity_crystal_blade": {
      "textures": "textures/items/infinity/infinity_crystal_blade"
    },
    "infinity_crystal_sickle": {
      "textures": "textures/items/infinity/infinity_crystal_sickle"
    }
  }
}