{
	"resource_pack_name": "vanilla",
	"texture_name": "atlas.terrain",
	"padding": 8,
	"num_mip_levels": 4,
	"texture_data": {
		"molten_ore": {
			"textures": "textures/blocks/ores/molten_ore"
		},
		"molten_block": {
			"textures": "textures/blocks/ores/molten_block"
		},
		"adamant_ore": {
			"textures": "textures/blocks/adamant/adamant_ore"
		},
		"adamant_ore_nether": {
			"textures": "textures/blocks/adamant/adamant_ore_nether"
		},
		"adamant_ore_end": {
			"textures": "textures/blocks/adamant/adamant_ore_end"
		},
		"adamant_block": {
			"textures": "textures/blocks/adamant/adamant_block"
		},
		"infinity_crystal_block": {
			"textures":	"textures/blocks/infinity/infinity_crystal_block"
		},
		"infinity_crystal_ore": {
			"textures": "textures/blocks/infinity/infinity_crystal_ore"
		},
		"infinity_crystal_ore_nether": {
			"textures": "textures/blocks/infinity/infinity_crystal_ore_nether"
		},
		"infinity_crystal_ore_end": {
			"textures": "textures/blocks/infinity/infinity_crystal_ore_end"
		}
	}
}