{
  "format_version": "1.10.0",
  "minecraft:client_entity": {
    "description": {
      "identifier": "raigen:lunar_generator",
      "materials": {
	    "gadget": "translucence",
		"marker": "glow_glass",
		"active": "charged"
	  },
      "textures": {
        "gadget": "textures/automaticraft/gadget",
        "marker": "textures/automaticraft/marker",
        "lunar_generator": "textures/automaticraft/lunar_generator",
		"active": "textures/automaticraft/solar_generator_active"
      },
      "geometry": {
        "gadget": "geometry.gadget",
        "marker": "geometry.solar_generator.marker",
        "lunar_generator": "geometry.lunar_generator",
        "active": "geometry.solar_generator.active"
      },
	  "scripts": {
	    "animate": [
          { "marker_north": "query.skin_id == 0" },
          { "marker_east": "query.skin_id == 1" },
          { "marker_south": "query.skin_id == 2" },
          { "marker_west": "query.skin_id == 3" }
		]
	  },
      "animations": {
        "marker_north": "animation.solar_generator.marker_north",
        "marker_east": "animation.solar_generator.marker_east",
        "marker_south": "animation.solar_generator.marker_south",
        "marker_west": "animation.solar_generator.marker_west"
	  },
	  "spawn_egg": {
	    "texture": "automaticraft",
		"texture_index": 6
	  },
      "render_controllers": [
	    "controller.render.variant_gadget",
	    "controller.render.variant_lunar_generator",
	    "controller.render.variant_marker",
	    { "controller.render.variant_solar_generator_active": "query.mark_variant > 0" }
	  ]
    }
  }
}