{
   "content" : [
      {
         "path" : "contents.json"
      },
      
      {
         "path" : "loot_tables/test1.json"
      },
      {
         "path" : "loot_tables/test2.json"
      },
      
      {
         "path" : "functions/start_game.mcfunction"
      },
      {
         "path" : "functions/edit_start.mcfunction"
      },
      {
         "path" : "functions/close_animation.mcfunction"
      },
      {
         "path" : "functions/player_edit.mcfunction"
      },
      {
         "path" : "functions/fpag.mcfunction"
      },
      {
         "path" : "functions/fanimation_pag1.mcfunction"
      },
      {
         "path" : "functions/fanimation_pag2.mcfunction"
      },
      {
         "path" : "functions/stop_edit.mcfunction"
      },
      
      {
         "path" : "functions/fwalk_pag1.mcfunction"
      },
      {
         "path" : "functions/fwalk_pag2.mcfunction"
      },
      {
         "path" : "functions/close_walk.mcfunction"
      },

      {
         "path" : "functions/fatack_pag1.mcfunction"
      },
      {
         "path" : "functions/close_atack.mcfunction"
      },
      {
         "path" : "functions/close_life.mcfunction"
      },
      {
         "path" : "functions/flife_pag1.mcfunction"
      },
      {
         "path" : "functions/flife_pag2.mcfunction"
      },

      {
         "path" : "functions/close_size.mcfunction"
      },
      {
         "path" : "functions/fsize_pag1.mcfunction"
      },
      {
         "path" : "functions/fsize_pag2.mcfunction"
      },

      {
         "path" : "functions/close_strength.mcfunction"
      },
      {
         "path" : "functions/fstrength_pag1.mcfunction"
      },
      {
         "path" : "functions/fstrength_pag2.mcfunction"
      },

      {
         "path" : "functions/close_armor.mcfunction"
      },
      {
         "path" : "functions/farmor_pag1.mcfunction"
      },
      {
         "path" : "functions/farmor_pag2.mcfunction"
      },
      {
         "path" : "functions/farmor_pag3.mcfunction"
      },
      {
         "path" : "functions/farmor_pag4.mcfunction"
      },
      {
         "path" : "functions/farmor_pag5.mcfunction"
      },
      {
         "path" : "functions/farmor_pag6.mcfunction"
      },

      {
         "path" : "loot_tables/armor_leather1.json"
      },
      {
         "path" : "loot_tables/armor_leather2.json"
      },
      {
         "path" : "loot_tables/armor_leather3.json"
      },
      {
         "path" : "loot_tables/armor_leather4.json"
      },
      
      {
         "path" : "loot_tables/armor_chainmail1.json"
      },
      {
         "path" : "loot_tables/armor_chainmail2.json"
      },
      {
         "path" : "loot_tables/armor_chainmail3.json"
      },
      {
         "path" : "loot_tables/armor_chainmail4.json"
      },
      
      {
         "path" : "loot_tables/armor_iron1.json"
      },
      {
         "path" : "loot_tables/armor_iron2.json"
      },
      {
         "path" : "loot_tables/armor_iron3.json"
      },
      {
         "path" : "loot_tables/armor_iron4.json"
      },
      
      {
         "path" : "loot_tables/armor_gold1.json"
      },
      {
         "path" : "loot_tables/armor_gold2.json"
      },
      {
         "path" : "loot_tables/armor_gold3.json"
      },
      {
         "path" : "loot_tables/armor_gold4.json"
      },
      
      {
         "path" : "loot_tables/armor_diamond1.json"
      },
      {
         "path" : "loot_tables/armor_diamond2.json"
      },
      {
         "path" : "loot_tables/armor_diamond3.json"
      },
      {
         "path" : "loot_tables/armor_diamond4.json"
      },
      
      {
         "path" : "loot_tables/armor_netherite1.json"
      },
      {
         "path" : "loot_tables/armor_netherite2.json"
      },
      {
         "path" : "loot_tables/armor_netherite3.json"
      },
      {
         "path" : "loot_tables/armor_netherite4.json"
      },
      
      {
         "path" : "functions/fitems_pag1.mcfunction"
      },
      {
         "path" : "functions/fitems_pag2.mcfunction"
      },
      {
         "path" : "functions/fitems_pag3.mcfunction"
      },
      {
         "path" : "functions/fitems_pag4.mcfunction"
      },
      {
         "path" : "functions/fitems_pag5.mcfunction"
      },
      {
         "path" : "functions/fitems_pag6.mcfunction"
      },
      {
         "path" : "functions/close_items.mcfunction"
      },
      {
         "path" : "loot_tables/air.json"
      },

      {
         "path" : "loot_tables/wooden_sword.json"
      },
      {
         "path" : "loot_tables/wooden_axe.json"
      },
      {
         "path" : "loot_tables/wooden_pickaxe.json"
      },
      {
         "path" : "loot_tables/wooden_shovel.json"
      },
      {
         "path" : "loot_tables/wooden_hoe.json"
      },
      
      {
         "path" : "loot_tables/stone_sword.json"
      },
      {
         "path" : "loot_tables/stone_axe.json"
      },
      {
         "path" : "loot_tables/stone_pickaxe.json"
      },
      {
         "path" : "loot_tables/stone_shovel.json"
      },
      {
         "path" : "loot_tables/stone_hoe.json"
      },
      
      {
         "path" : "loot_tables/iron_sword.json"
      },
      {
         "path" : "loot_tables/iron_axe.json"
      },
      {
         "path" : "loot_tables/iron_pickaxe.json"
      },
      {
         "path" : "loot_tables/iron_shovel.json"
      },
      {
         "path" : "loot_tables/iron_hoe.json"
      },
      
      {
         "path" : "loot_tables/golden_sword.json"
      },
      {
         "path" : "loot_tables/golden_axe.json"
      },
      {
         "path" : "loot_tables/golden_pickaxe.json"
      },
      {
         "path" : "loot_tables/golden_shovel.json"
      },
      {
         "path" : "loot_tables/golden_hoe.json"
      },
      
      {
         "path" : "loot_tables/diamond_sword.json"
      },
      {
         "path" : "loot_tables/diamond_axe.json"
      },
      {
         "path" : "loot_tables/diamond_pickaxe.json"
      },
      {
         "path" : "loot_tables/diamond_shovel.json"
      },
      {
         "path" : "loot_tables/diamond_hoe.json"
      },
      
      {
         "path" : "loot_tables/netherite_sword.json"
      },
      {
         "path" : "loot_tables/netherite_axe.json"
      },
      {
         "path" : "loot_tables/netherite_pickaxe.json"
      },
      {
         "path" : "loot_tables/netherite_shovel.json"
      },
      {
         "path" : "loot_tables/netherite_hoe.json"
      },
      
      {
         "path" : "functions/fitems2_pag1.mcfunction"
      },
      {
         "path" : "functions/close_items2.mcfunction"
      },
      
      {
         "path" : "loot_tables/bow.json"
      },
      {
         "path" : "loot_tables/crossbow.json"
      },
      {
         "path" : "loot_tables/snowball.json"
      },
      {
         "path" : "loot_tables/trident.json"
      },
      
      {
         "path" : "functions/close_other_function.mcfunction"
      },
      {
         "path" : "functions/fother_function_pag1.mcfunction"
      },
      {
         "path" : "functions/fother_function_pag2.mcfunction"
      },
      {
         "path" : "functions/pag.mcfunction"
      },

      {
         "path" : "trading/npc_steve.json"
      },
      {
         "path" : "trading/npc1_3d.json"
      },
      {
         "path" : "trading/npc2_3d.json"
      },
      {
         "path" : "trading/npc3_3d.json"
      },
      {
         "path" : "trading/npc4_3d.json"
      },
      {
         "path" : "trading/npc5_3d.json"
      },
      {
         "path" : "trading/npc6_3d.json"
      },
      {
         "path" : "trading/npc7_3d.json"
      },
      {
         "path" : "trading/npc8_3d.json"
      },
      {
         "path" : "trading/npc9_3d.json"
      },
      {
         "path" : "trading/npc10_3d.json"
      },
      {
         "path" : "trading/npc11_3d.json"
      },
      {
         "path" : "trading/npc12_3d.json"
      },
      {
         "path" : "trading/npc13_3d.json"
      },
      {
         "path" : "trading/npc14_3d.json"
      },
      {
         "path" : "trading/npc15_3d.json"
      },
      {
         "path" : "trading/npc16_3d.json"
      },
      {
         "path" : "trading/npc17_3d.json"
      },
      {
         "path" : "trading/npc18_3d.json"
      },
      {
         "path" : "trading/npc19_3d.json"
      },
      {
         "path" : "trading/npc20_3d.json"
      },
      {
         "path" : "trading/npc21_3d.json"
      },
      {
         "path" : "trading/npc22_3d.json"
      },
      {
         "path" : "trading/npc23_3d.json"
      },
      {
         "path" : "trading/npc24_3d.json"
      },
      {
         "path" : "trading/npc25_3d.json"
      },
      {
         "path" : "trading/npc26_3d.json"
      },
      {
         "path" : "trading/npc27_3d.json"
      },
      {
         "path" : "trading/npc28_3d.json"
      },
      {
         "path" : "trading/npc29_3d.json"
      },
      {
         "path" : "trading/npc30_3d.json"
      },
      {
         "path" : "trading/npc31_3d.json"
      },
      {
         "path" : "trading/npc32_3d.json"
      },
      {
         "path" : "trading/npc33_3d.json"
      },
      {
         "path" : "trading/npc34_3d.json"
      },
      {
         "path" : "trading/npc35_3d.json"
      },
      {
         "path" : "trading/npc36_3d.json"
      },
      {
         "path" : "trading/npc37_3d.json"
      },
      {
         "path" : "trading/npc38_3d.json"
      },
      {
         "path" : "trading/npc39_3d.json"
      },
      {
         "path" : "trading/npc40_3d.json"
      },
      {
         "path" : "trading/npc41_3d.json"
      },
      {
         "path" : "trading/npc42_3d.json"
      },
      {
         "path" : "trading/npc43_3d.json"
      },
      {
         "path" : "trading/npc44_3d.json"
      },
      {
         "path" : "trading/npc45_3d.json"
      },
      {
         "path" : "trading/npc46_3d.json"
      },
      {
         "path" : "trading/npc47_3d.json"
      },
      {
         "path" : "trading/npc48_3d.json"
      },
      {
         "path" : "trading/npc49_3d.json"
      },
      {
         "path" : "trading/npc50_3d.json"
      },
      {
         "path" : "trading/npc51_3d.json"
      },
      {
         "path" : "trading/npc52_3d.json"
      },
      {
         "path" : "trading/npc53_3d.json"
      },
      {
         "path" : "trading/npc54_3d.json"
      },
      {
         "path" : "trading/npc55_3d.json"
      },
      {
         "path" : "trading/npc56_3d.json"
      },
      {
         "path" : "trading/npc57_3d.json"
      },
      {
         "path" : "trading/npc58_3d.json"
      },
      {
         "path" : "trading/npc59_3d.json"
      },
      {
         "path" : "trading/npc60_3d.json"
      },
      {
         "path" : "trading/npc61_3d.json"
      },
      {
         "path" : "trading/npc62_3d.json"
      },
      {
         "path" : "trading/npc63_3d.json"
      },
      {
         "path" : "trading/npc64_3d.json"
      },
      {
         "path" : "trading/npc65_3d.json"
      },
      {
         "path" : "trading/npc66_3d.json"
      },
      {
         "path" : "trading/npc67_3d.json"
      },
      {
         "path" : "trading/npc68_3d.json"
      },
      {
         "path" : "trading/npc69_3d.json"
      },
      {
         "path" : "trading/npc70_3d.json"
      },
      {
         "path" : "trading/npc71_3d.json"
      },
      {
         "path" : "trading/npc72_3d.json"
      },
      {
         "path" : "trading/npc73_3d.json"
      },
      {
         "path" : "trading/npc74_3d.json"
      },
      {
         "path" : "trading/npc75_3d.json"
      },
      {
         "path" : "trading/npc76_3d.json"
      },
      {
         "path" : "trading/npc77_3d.json"
      },
      {
         "path" : "trading/npc78_3d.json"
      },
      {
         "path" : "trading/npc79_3d.json"
      },
      {
         "path" : "trading/npc80_3d.json"
      },
      {
         "path" : "trading/npc81_3d.json"
      },
      {
         "path" : "trading/npc82_3d.json"
      },
      {
         "path" : "trading/npc83_3d.json"
      },
      {
         "path" : "trading/npc84_3d.json"
      },
      {
         "path" : "trading/npc85_3d.json"
      },
      {
         "path" : "trading/npc86_3d.json"
      },
      {
         "path" : "trading/npc87_3d.json"
      },
      {
         "path" : "trading/npc88_3d.json"
      },
      {
         "path" : "trading/npc89_3d.json"
      },
      {
         "path" : "trading/npc90_3d.json"
      },
      {
         "path" : "trading/npc91_3d.json"
      },
      {
         "path" : "trading/npc92_3d.json"
      },
      {
         "path" : "trading/npc93_3d.json"
      },
      {
         "path" : "trading/npc94_3d.json"
      },
      {
         "path" : "trading/npc95_3d.json"
      },
      {
         "path" : "trading/npc96_3d.json"
      },
      {
         "path" : "trading/npc97_3d.json"
      },
      {
         "path" : "trading/npc98_3d.json"
      },
      {
         "path" : "trading/npc99_3d.json"
      },
      {
         "path" : "trading/npc100_3d.json"
      },
      {
         "path" : "trading/npc101_3d.json"
      },
      {
         "path" : "trading/npc102_3d.json"
      },
      {
         "path" : "trading/npc103_3d.json"
      },
      {
         "path" : "trading/npc104_3d.json"
      },
      {
         "path" : "trading/npc105_3d.json"
      },
      {
         "path" : "trading/npc106_3d.json"
      },
      {
         "path" : "trading/npc107_3d.json"
      },
      {
         "path" : "trading/npc108_3d.json"
      },
      {
         "path" : "trading/npc109_3d.json"
      },
      {
         "path" : "trading/npc110_3d.json"
      },
      {
         "path" : "trading/npc111_3d.json"
      },
      {
         "path" : "trading/npc112_3d.json"
      },
      {
         "path" : "trading/npc113_3d.json"
      },
      {
         "path" : "trading/npc114_3d.json"
      },
      {
         "path" : "trading/npc115_3d.json"
      },
      {
         "path" : "trading/npc116_3d.json"
      },
      {
         "path" : "trading/npc117_3d.json"
      },
      {
         "path" : "trading/npc118_3d.json"
      },
      {
         "path" : "trading/npc119_3d.json"
      },
      {
         "path" : "trading/npc120_3d.json"
      },
      {
         "path" : "trading/npc121_3d.json"
      },
      {
         "path" : "trading/npc122_3d.json"
      },
      {
         "path" : "trading/npc123_3d.json"
      },
      {
         "path" : "trading/npc124_3d.json"
      },
      {
         "path" : "trading/npc125_3d.json"
      },
      {
         "path" : "trading/npc126_3d.json"
      },
      {
         "path" : "trading/npc127_3d.json"
      },
      {
         "path" : "trading/npc128_3d.json"
      },
      {
         "path" : "trading/npc129_3d.json"
      },
      {
         "path" : "trading/npc130_3d.json"
      },
      {
         "path" : "trading/npc131_3d.json"
      },
      {
         "path" : "trading/npc132_3d.json"
      },
      {
         "path" : "trading/npc133_3d.json"
      },
      {
         "path" : "trading/npc134_3d.json"
      },
      {
         "path" : "trading/npc135_3d.json"
      },
      {
         "path" : "trading/npc136_3d.json"
      },
      {
         "path" : "trading/npc137_3d.json"
      },
      {
         "path" : "trading/npc138_3d.json"
      },
      {
         "path" : "trading/npc139_3d.json"
      },
      {
         "path" : "trading/npc140_3d.json"
      },
      {
         "path" : "trading/npc141_3d.json"
      },
      {
         "path" : "trading/npc142_3d.json"
      },
      {
         "path" : "trading/npc143_3d.json"
      }
   ],
   "version" : 1
}
