{
  "format_version": "1.16.100",
  "minecraft:item": {
    "description": {
      "identifier": "pa:merged_leggings",
      "category": "Equipment"
    },
    "components": {
      "minecraft:icon": {
        "texture": "pa_merged_leggings"
      },
      "minecraft:creative_category": {
        "parent": "itemGroup.name.leggings"
      },
      "minecraft:max_stack_size": 1,
      "minecraft:enchantable": {
        "value": 10,
        "slot": "armor_legs"
      },
      "minecraft:durability": {
        "max_durability": 850,
        "damage_chance": {
          "min": 60,
          "max": 100
        }
      },
      "minecraft:knockback_resistance": {
        "protection": 0.4
      },
      "minecraft:mining_speed": 5,
      "minecraft:wearable": {
        "slot": "slot.armor.legs"
      },
      "minecraft:render_offsets": "leggings",
      "minecraft:repairable": {
        "repair_items": []
      },
      "minecraft:armor": {
        "protection": 5
      },
      "minecraft:display_name": {}
    }
  }
}