{
  "format_version": "1.16.100",
  "minecraft:item": {
    "description": {
      "identifier": "pa:netherised_chestplate",
      "category": "Equipment"
    },
    "components": {
      "minecraft:icon": {
        "texture": "pa_netherised_chestplate"
      },
      "minecraft:creative_category": {
        "parent": "itemGroup.name.chestplate"
      },
      "minecraft:max_stack_size": 1,
      "minecraft:enchantable": {
        "value": 10,
        "slot": "armor_torso"
      },
      "minecraft:durability": {
        "max_durability": 620000,
        "damage_chance": {
          "min": 60,
          "max": 100
        }
      },
      "minecraft:knockback_resistance": {
        "protection": 150
      },
      "minecraft:mining_speed": 5,
      "minecraft:wearable": {
        "slot": "slot.armor.chest"
      },
      "minecraft:render_offsets": "chestplates",
      "minecraft:repairable": {
        "repair_items": [
          {
            "items": [
              "minecraft:netherstar",
              "pa:netherised_chestplate"
            ],
            "repair_amount": 1000
          }
        ]
      },
      "minecraft:armor": {
        "protection": 500
      },
      "minecraft:display_name": {}
    }
  }
}