{
  "format_version": "1.10",
  "minecraft:item": {
    "description": {
      "identifier": "pa:rottedzombiefresh",
      "category": "items"
    },
    "components": {
      "minecraft:hand_equipped": false,
      "minecraft:max_stack_size": 64,
      "minecraft:foil": false,
      "minecraft:stack_by_data": true,
      "minecraft:food": {
        "saturation_modifier": "poor",
        "nutrition": 1,
        "can_always_eat": true,
        "effects": [
          {
            "name": "fatal_poison",
            "chance": 1,
            "duration": 30,
            "amplifier": 1
          },
          {
            "name": "hunger",
            "chance": 1,
            "duration": 30,
            "amplifier": 1
          },
          {
            "name": "nausea",
            "chance": 1,
            "duration": 30,
            "amplifier": 1
          },
          {
            "name": "wither",
            "chance": 1,
            "duration": 30,
            "amplifier": 1
          }
        ]
      },
      "minecraft:use_duration": 32
    }
  }
}