{
  "mob.pa_tree_nymph.idle": {
    "category": "neutral",
    "sounds": [
      "sounds/mob/pa_tree_nymph/idle"
    ]
  },
  "mob.pa_tree_nymph.haggle": {
    "category": "neutral",
    "sounds": [
      "sounds/mob/pa_tree_nymph/haggle"
    ]
  },
  "mob.pa_tree_nymph.no": {
    "category": "neutral",
    "sounds": [
      "sounds/mob/pa_tree_nymph/no"
    ]
  },
  "mob.pa_tree_nymph.yes": {
    "category": "neutral",
    "sounds": [
      "sounds/mob/pa_tree_nymph/yes"
    ]
  },
  "mob.pa_tree_nymph.death": {
    "category": "neutral",
    "sounds": [
      "sounds/mob/pa_tree_nymph/death"
    ]
  },
  "mob.pa_jungle_wood_nymph.death": {
    "category": "neutral",
    "sounds": [
      "sounds/mob/pa_jungle_wood_nymph/death"
    ]
  },
  "mob.pa_birch_tree_nymph.death": {
    "category": "neutral",
    "sounds": [
      "sounds/mob/pa_birch_tree_nymph/death"
    ]
  },
  "mob.pa_yellow_stone_golem.no": {
    "category": "neutral",
    "sounds": [
      "sounds/mob/pa_yellow_stone_golem/no"
    ]
  },
  "mob.pa_yellow_stone_golem.death": {
    "category": "neutral",
    "sounds": [
      "sounds/mob/pa_yellow_stone_golem/death"
    ]
  },
  "mob.pa_yellow_stone_golem.hit": {
    "category": "neutral",
    "sounds": [
      "sounds/mob/pa_yellow_stone_golem/hit"
    ]
  },
  "mob.pa_yellow_stone_golem.yes": {
    "category": "neutral",
    "sounds": [
      "sounds/mob/pa_yellow_stone_golem/yes"
    ]
  },
  "mob.pa_tree_nymph.hit": {
    "category": "neutral",
    "sounds": [
      "sounds/mob/pa_tree_nymph/hit"
    ]
  },
  "mob.pa_dark_oak_tree_nymph.death": {
    "category": "neutral",
    "sounds": [
      "sounds/mob/pa_dark_oak_tree_nymph/death"
    ]
  },
  "mob.pa_rainbow_destroyer.idle": {
    "category": "neutral",
    "sounds": [
      "sounds/mob/pa_rainbow_destroyer/idle"
    ]
  },
  "mob.pa_rainbow_destroyer.death": {
    "category": "neutral",
    "sounds": [
      "sounds/mob/pa_rainbow_destroyer/death"
    ]
  },
  "mob.pa_rainbow_destroyer.haggle": {
    "category": "neutral",
    "sounds": [
      "sounds/mob/pa_rainbow_destroyer/haggle"
    ]
  },
  "mob.pa_rainbow_destroyer.hit": {
    "category": "neutral",
    "sounds": [
      "sounds/mob/pa_rainbow_destroyer/hit"
    ]
  },
  "mob.pa_rainbow_destroyer.no": {
    "category": "neutral",
    "sounds": [
      "sounds/mob/pa_rainbow_destroyer/no"
    ]
  },
  "mob.pa_rainbow_destroyer.yes": {
    "category": "neutral",
    "sounds": [
      "sounds/mob/pa_rainbow_destroyer/yes"
    ]
  },
  "mob.pa_jungle_wood_nymph.hit": {
    "category": "neutral",
    "sounds": [
      "sounds/mob/pa_jungle_wood_nymph/hit"
    ]
  },
  "mob.pa_jungle_wood_nymph.idle": {
    "category": "neutral",
    "sounds": [
      "sounds/mob/pa_jungle_wood_nymph/idle"
    ]
  },
  "mob.pa_jungle_wood_nymph.no": {
    "category": "neutral",
    "sounds": [
      "sounds/mob/pa_jungle_wood_nymph/no"
    ]
  },
  "mob.pa_jungle_wood_nymph.haggle": {
    "category": "neutral",
    "sounds": [
      "sounds/mob/pa_jungle_wood_nymph/haggle"
    ]
  },
  "mob.pa_jungle_wood_nymph.yes": {
    "category": "neutral",
    "sounds": [
      "sounds/mob/pa_jungle_wood_nymph/yes"
    ]
  },
  "mob.pa_birch_tree_nymph.idle": {
    "category": "neutral",
    "sounds": [
      "sounds/mob/pa_birch_tree_nymph/idle"
    ]
  },
  "mob.pa_birch_tree_nymph.no": {
    "category": "neutral",
    "sounds": [
      "sounds/mob/pa_birch_tree_nymph/no"
    ]
  },
  "mob.pa_stone_golem.death": {
    "category": "neutral",
    "sounds": [
      "sounds/mob/pa_stone_golem/death"
    ]
  },
  "mob.pa_birch_tree_nymph.haggle": {
    "category": "neutral",
    "sounds": [
      "sounds/mob/pa_birch_tree_nymph/haggle"
    ]
  },
  "mob.pa_birch_tree_nymph.yes": {
    "category": "neutral",
    "sounds": [
      "sounds/mob/pa_birch_tree_nymph/yes"
    ]
  },
  "mob.pa_birch_tree_nymph.hit": {
    "category": "neutral",
    "sounds": [
      "sounds/mob/pa_birch_tree_nymph/hit"
    ]
  },
  "mob.pa_dark_oak_tree_nymph.idle": {
    "category": "neutral",
    "sounds": [
      "sounds/mob/pa_dark_oak_tree_nymph/idle"
    ]
  },
  "mob.pa_dark_oak_tree_nymph.haggle": {
    "category": "neutral",
    "sounds": [
      "sounds/mob/pa_dark_oak_tree_nymph/haggle"
    ]
  },
  "mob.pa_dark_oak_tree_nymph.no": {
    "category": "neutral",
    "sounds": [
      "sounds/mob/pa_dark_oak_tree_nymph/no"
    ]
  },
  "mob.pa_dark_oak_tree_nymph.yes": {
    "category": "neutral",
    "sounds": [
      "sounds/mob/pa_dark_oak_tree_nymph/yes"
    ]
  },
  "mob.pa_life_orb_boss.breathe": {
    "category": "neutral",
    "sounds": [
      "sounds/mob/pa_life_orb_boss/breathe"
    ]
  },
  "mob.pa_dark_oak_tree_nymph.hit": {
    "category": "neutral",
    "sounds": [
      "sounds/mob/pa_dark_oak_tree_nymph/hit"
    ]
  },
  "mob.pa_life_orb_boss.hit": {
    "category": "neutral",
    "sounds": [
      "sounds/mob/pa_life_orb_boss/hit"
    ]
  },
  "mob.pa_life_orb_boss.death": {
    "category": "neutral",
    "sounds": [
      "sounds/mob/pa_life_orb_boss/death"
    ]
  },
  "mob.pa_life_orb_boss.shoot": {
    "category": "neutral",
    "sounds": [
      "sounds/mob/pa_life_orb_boss/shoot"
    ]
  },
  "mob.pa_stone_golem.idle": {
    "category": "neutral",
    "sounds": [
      "sounds/mob/pa_stone_golem/idle"
    ]
  },
  "mob.pa_stone_golem.haggle": {
    "category": "neutral",
    "sounds": [
      "sounds/mob/pa_stone_golem/haggle"
    ]
  },
  "mob.pa_stone_golem.yes": {
    "category": "neutral",
    "sounds": [
      "sounds/mob/pa_stone_golem/yes"
    ]
  },
  "mob.pa_stone_golem.no": {
    "category": "neutral",
    "sounds": [
      "sounds/mob/pa_stone_golem/no"
    ]
  },
  "mob.pa_stone_golem.hit": {
    "category": "neutral",
    "sounds": [
      "sounds/mob/pa_stone_golem/hit"
    ]
  },
  "mob.pa_yellow_stone_golem.idle": {
    "category": "neutral",
    "sounds": [
      "sounds/mob/pa_yellow_stone_golem/idle"
    ]
  },
  "mob.pa_yellow_stone_golem.haggle": {
    "category": "neutral",
    "sounds": [
      "sounds/mob/pa_yellow_stone_golem/haggle"
    ]
  },
  "pa_stone_golem_spawn_shot": {
    "category": "neutral",
    "sounds": [
      "sounds/pa_stone_golem_spawn_shot"
    ]
  }
}