{
  "format_version": "1.10.0",
  "animation_controllers": {
    "controller.animation.npc": {
      "states": {
        "default": {
          "transitions": [ { "npc": "(1.0)" } ],
          "on_entry": [ "/tag @s[tag=!npc] add npc" ]
        },
        "npc": {
          "transitions": [ { "default": "(1.0)" } ],
          "on_entry": [ "" ]
        }
      }
    },
    "controller.animation.disable_edit": {
      "states": {
        "default": {
          "transitions": [ { "npc": "(1.0)" } ],
          "on_entry": [ "/tag @e[tag=npc,c=1] add noedit" ]
        },
        "npc": {
          "transitions": [ { "default": "(1.0)" } ],
          "on_entry": [ "/tag @e[tag=npc,c=1] add noedit" ]
        }
      }
    },

    "controller.animation.sword1": {
      "states": {
        "default": {
          "transitions": [ { "sword1": "(1.0)" } ],
          "on_entry": [ "/replaceitem entity @s slot.weapon.mainhand 1 wooden_sword" ]
        },
        "sword1": {
          "transitions": [ { "default": "(1.0)" } ],
          "on_entry": [ "/replaceitem entity @s slot.weapon.mainhand 1 wooden_sword" ]
        }
      }
    },
    "controller.animation.sword2": {
      "states": {
        "default": {
          "transitions": [ { "sword2": "(1.0)" } ],
          "on_entry": [ "/replaceitem entity @s slot.weapon.mainhand 1 stone_sword" ]
        },
        "sword2": {
          "transitions": [ { "default": "(1.0)" } ],
          "on_entry": [ "/replaceitem entity @s slot.weapon.mainhand 1 stone_sword" ]
        }
      }
    },
    "controller.animation.sword3": {
      "states": {
        "default": {
          "transitions": [ { "sword3": "(1.0)" } ],
          "on_entry": [ "/replaceitem entity @s slot.weapon.mainhand 1 iron_sword" ]
        },
        "sword3": {
          "transitions": [ { "default": "(1.0)" } ],
          "on_entry": [ "/replaceitem entity @s slot.weapon.mainhand 1 iron_sword" ]
        }
      }
    },
    "controller.animation.sword4": {
      "states": {
        "default": {
          "transitions": [ { "sword4": "(1.0)" } ],
          "on_entry": [ "/replaceitem entity @s slot.weapon.mainhand 1 golden_sword" ]
        },
        "sword4": {
          "transitions": [ { "default": "(1.0)" } ],
          "on_entry": [ "/replaceitem entity @s slot.weapon.mainhand 1 golden_sword" ]
        }
      }
    },
    "controller.animation.sword5": {
      "states": {
        "default": {
          "transitions": [ { "sword5": "(1.0)" } ],
          "on_entry": [ "/replaceitem entity @s slot.weapon.mainhand 1 diamond_sword" ]
        },
        "sword5": {
          "transitions": [ { "default": "(1.0)" } ],
          "on_entry": [ "/replaceitem entity @s slot.weapon.mainhand 1 diamond_sword" ]
        }
      }
    },
    "controller.animation.sword6": {
      "states": {
        "default": {
          "transitions": [ { "sword6": "(1.0)" } ],
          "on_entry": [ "/replaceitem entity @s slot.weapon.mainhand 1 netherite_sword" ]
        },
        "sword6": {
          "transitions": [ { "default": "(1.0)" } ],
          "on_entry": [ "/replaceitem entity @s slot.weapon.mainhand 1 netherite_sword" ]
        }
      }
    },

    "controller.animation.axe1": {
      "states": {
        "default": {
          "transitions": [ { "axe1": "(1.0)" } ],
          "on_entry": [ "/replaceitem entity @s slot.weapon.mainhand 1 wooden_axe" ]
        },
        "axe1": {
          "transitions": [ { "default": "(1.0)" } ],
          "on_entry": [ "/replaceitem entity @s slot.weapon.mainhand 1 wooden_axe" ]
        }
      }
    },
    "controller.animation.axe2": {
      "states": {
        "default": {
          "transitions": [ { "axe2": "(1.0)" } ],
          "on_entry": [ "/replaceitem entity @s slot.weapon.mainhand 1 stone_axe" ]
        },
        "axe2": {
          "transitions": [ { "default": "(1.0)" } ],
          "on_entry": [ "/replaceitem entity @s slot.weapon.mainhand 1 stone_axe" ]
        }
      }
    },
    "controller.animation.axe3": {
      "states": {
        "default": {
          "transitions": [ { "axe3": "(1.0)" } ],
          "on_entry": [ "/replaceitem entity @s slot.weapon.mainhand 1 iron_axe" ]
        },
        "axe3": {
          "transitions": [ { "default": "(1.0)" } ],
          "on_entry": [ "/replaceitem entity @s slot.weapon.mainhand 1 iron_axe" ]
        }
      }
    },
    "controller.animation.axe4": {
      "states": {
        "default": {
          "transitions": [ { "axe4": "(1.0)" } ],
          "on_entry": [ "/replaceitem entity @s slot.weapon.mainhand 1 golden_axe" ]
        },
        "axe4": {
          "transitions": [ { "default": "(1.0)" } ],
          "on_entry": [ "/replaceitem entity @s slot.weapon.mainhand 1 golden_axe" ]
        }
      }
    },
    "controller.animation.axe5": {
      "states": {
        "default": {
          "transitions": [ { "axe5": "(1.0)" } ],
          "on_entry": [ "/replaceitem entity @s slot.weapon.mainhand 1 diamond_axe" ]
        },
        "axe5": {
          "transitions": [ { "default": "(1.0)" } ],
          "on_entry": [ "/replaceitem entity @s slot.weapon.mainhand 1 diamond_axe" ]
        }
      }
    },
    "controller.animation.axe6": {
      "states": {
        "default": {
          "transitions": [ { "axe6": "(1.0)" } ],
          "on_entry": [ "/replaceitem entity @s slot.weapon.mainhand 1 netherite_axe" ]
        },
        "axe6": {
          "transitions": [ { "default": "(1.0)" } ],
          "on_entry": [ "/replaceitem entity @s slot.weapon.mainhand 1 netherite_axe" ]
        }
      }
    },

    "controller.animation.pickaxe1": {
      "states": {
        "default": {
          "transitions": [ { "pickaxe1": "(1.0)" } ],
          "on_entry": [ "/replaceitem entity @s slot.weapon.mainhand 1 wooden_pickaxe" ]
        },
        "pickaxe1": {
          "transitions": [ { "default": "(1.0)" } ],
          "on_entry": [ "/replaceitem entity @s slot.weapon.mainhand 1 wooden_pickaxe" ]
        }
      }
    },
    "controller.animation.pickaxe2": {
      "states": {
        "default": {
          "transitions": [ { "pickaxe2": "(1.0)" } ],
          "on_entry": [ "/replaceitem entity @s slot.weapon.mainhand 1 stone_pickaxe" ]
        },
        "pickaxe2": {
          "transitions": [ { "default": "(1.0)" } ],
          "on_entry": [ "/replaceitem entity @s slot.weapon.mainhand 1 stone_pickaxe" ]
        }
      }
    },
    "controller.animation.pickaxe3": {
      "states": {
        "default": {
          "transitions": [ { "pickaxe3": "(1.0)" } ],
          "on_entry": [ "/replaceitem entity @s slot.weapon.mainhand 1 iron_pickaxe" ]
        },
        "pickaxe3": {
          "transitions": [ { "default": "(1.0)" } ],
          "on_entry": [ "/replaceitem entity @s slot.weapon.mainhand 1 iron_pickaxe" ]
        }
      }
    },
    "controller.animation.pickaxe4": {
      "states": {
        "default": {
          "transitions": [ { "pickaxe4": "(1.0)" } ],
          "on_entry": [ "/replaceitem entity @s slot.weapon.mainhand 1 golden_pickaxe" ]
        },
        "pickaxe4": {
          "transitions": [ { "default": "(1.0)" } ],
          "on_entry": [ "/replaceitem entity @s slot.weapon.mainhand 1 golden_pickaxe" ]
        }
      }
    },
    "controller.animation.pickaxe5": {
      "states": {
        "default": {
          "transitions": [ { "pickaxe5": "(1.0)" } ],
          "on_entry": [ "/replaceitem entity @s slot.weapon.mainhand 1 diamond_pickaxe" ]
        },
        "pickaxe5": {
          "transitions": [ { "default": "(1.0)" } ],
          "on_entry": [ "/replaceitem entity @s slot.weapon.mainhand 1 diamond_pickaxe" ]
        }
      }
    },
    "controller.animation.pickaxe6": {
      "states": {
        "default": {
          "transitions": [ { "pickaxe6": "(1.0)" } ],
          "on_entry": [ "/replaceitem entity @s slot.weapon.mainhand 1 netherite_pickaxe" ]
        },
        "pickaxe6": {
          "transitions": [ { "default": "(1.0)" } ],
          "on_entry": [ "/replaceitem entity @s slot.weapon.mainhand 1 netherite_pickaxe" ]
        }
      }
    },

    "controller.animation.shovel1": {
      "states": {
        "default": {
          "transitions": [ { "shovel1": "(1.0)" } ],
          "on_entry": [ "/replaceitem entity @s slot.weapon.mainhand 1 wooden_shovel" ]
        },
        "shovel1": {
          "transitions": [ { "default": "(1.0)" } ],
          "on_entry": [ "/replaceitem entity @s slot.weapon.mainhand 1 wooden_shovel" ]
        }
      }
    },
    "controller.animation.shovel2": {
      "states": {
        "default": {
          "transitions": [ { "shovel2": "(1.0)" } ],
          "on_entry": [ "/replaceitem entity @s slot.weapon.mainhand 1 stone_shovel" ]
        },
        "shovel2": {
          "transitions": [ { "default": "(1.0)" } ],
          "on_entry": [ "/replaceitem entity @s slot.weapon.mainhand 1 stone_shovel" ]
        }
      }
    },
    "controller.animation.shovel3": {
      "states": {
        "default": {
          "transitions": [ { "shovel3": "(1.0)" } ],
          "on_entry": [ "/replaceitem entity @s slot.weapon.mainhand 1 iron_shovel" ]
        },
        "shovel3": {
          "transitions": [ { "default": "(1.0)" } ],
          "on_entry": [ "/replaceitem entity @s slot.weapon.mainhand 1 iron_shovel" ]
        }
      }
    },
    "controller.animation.shovel4": {
      "states": {
        "default": {
          "transitions": [ { "shovel4": "(1.0)" } ],
          "on_entry": [ "/replaceitem entity @s slot.weapon.mainhand 1 golden_shovel" ]
        },
        "shovel4": {
          "transitions": [ { "default": "(1.0)" } ],
          "on_entry": [ "/replaceitem entity @s slot.weapon.mainhand 1 golden_shovel" ]
        }
      }
    },
    "controller.animation.shovel5": {
      "states": {
        "default": {
          "transitions": [ { "shovel5": "(1.0)" } ],
          "on_entry": [ "/replaceitem entity @s slot.weapon.mainhand 1 diamond_shovel" ]
        },
        "shovel5": {
          "transitions": [ { "default": "(1.0)" } ],
          "on_entry": [ "/replaceitem entity @s slot.weapon.mainhand 1 diamond_shovel" ]
        }
      }
    },
    "controller.animation.shovel6": {
      "states": {
        "default": {
          "transitions": [ { "shovel6": "(1.0)" } ],
          "on_entry": [ "/replaceitem entity @s slot.weapon.mainhand 1 netherite_shovel" ]
        },
        "shovel6": {
          "transitions": [ { "default": "(1.0)" } ],
          "on_entry": [ "/replaceitem entity @s slot.weapon.mainhand 1 netherite_shovel" ]
        }
      }
    },

    "controller.animation.hoe1": {
      "states": {
        "default": {
          "transitions": [ { "hoe1": "(1.0)" } ],
          "on_entry": [ "/replaceitem entity @s slot.weapon.mainhand 1 wooden_hoe" ]
        },
        "hoe1": {
          "transitions": [ { "default": "(1.0)" } ],
          "on_entry": [ "/replaceitem entity @s slot.weapon.mainhand 1 wooden_hoe" ]
        }
      }
    },
    "controller.animation.hoe2": {
      "states": {
        "default": {
          "transitions": [ { "hoe2": "(1.0)" } ],
          "on_entry": [ "/replaceitem entity @s slot.weapon.mainhand 1 stone_hoe" ]
        },
        "hoe2": {
          "transitions": [ { "default": "(1.0)" } ],
          "on_entry": [ "/replaceitem entity @s slot.weapon.mainhand 1 stone_hoe" ]
        }
      }
    },
    "controller.animation.hoe3": {
      "states": {
        "default": {
          "transitions": [ { "hoe3": "(1.0)" } ],
          "on_entry": [ "/replaceitem entity @s slot.weapon.mainhand 1 iron_hoe" ]
        },
        "hoe3": {
          "transitions": [ { "default": "(1.0)" } ],
          "on_entry": [ "/replaceitem entity @s slot.weapon.mainhand 1 iron_hoe" ]
        }
      }
    },
    "controller.animation.hoe5": {
      "states": {
        "default": {
          "transitions": [ { "hoe5": "(1.0)" } ],
          "on_entry": [ "/replaceitem entity @s slot.weapon.mainhand 1 diamond_hoe" ]
        },
        "hoe5": {
          "transitions": [ { "default": "(1.0)" } ],
          "on_entry": [ "/replaceitem entity @s slot.weapon.mainhand 1 diamond_hoe" ]
        }
      }
    },
    "controller.animation.hoe6": {
      "states": {
        "default": {
          "transitions": [ { "hoe6": "(1.0)" } ],
          "on_entry": [ "/replaceitem entity @s slot.weapon.mainhand 1 netherite_hoe" ]
        },
        "hoe6": {
          "transitions": [ { "default": "(1.0)" } ],
          "on_entry": [ "/replaceitem entity @s slot.weapon.mainhand 1 netherite_hoe" ]
        }
      }
    },

    "controller.animation.clear_item": {
      "states": {
        "default": {
          "transitions": [ { "clear_item": "(1.0)" } ],
          "on_entry": [ "/replaceitem entity @s slot.weapon.mainhand 1 air" ]
        },
        "clear_item": {
          "transitions": [ { "default": "(1.0)" } ],
          "on_entry": [ "/replaceitem entity @s slot.weapon.mainhand 1 air" ]
        }
      }
    },

    "controller.animation.armor_leather1": {
      "states": {
        "default": {
          "transitions": [ { "armor_leather1": "(1.0)" } ],
          "on_entry": [ "/replaceitem entity @s slot.armor.head 1 leather_helmet" ]
        },
        "armor_leather1": {
          "transitions": [ { "default": "(1.0)" } ],
          "on_entry": [ "/replaceitem entity @s slot.armor.head 1 leather_helmet" ]
        }
      }
    },
    "controller.animation.armor_chainmail1": {
      "states": {
        "default": {
          "transitions": [ { "armor_chainmail1": "(1.0)" } ],
          "on_entry": [ "/replaceitem entity @s slot.armor.head 1 chainmail_helmet" ]
        },
        "armor_chainmail1": {
          "transitions": [ { "default": "(1.0)" } ],
          "on_entry": [ "/replaceitem entity @s slot.armor.head 1 chainmail_helmet" ]
        }
      }
    },
    "controller.animation.armor_iron1": {
      "states": {
        "default": {
          "transitions": [ { "armor_iron1": "(1.0)" } ],
          "on_entry": [ "/replaceitem entity @s slot.armor.head 1 iron_helmet" ]
        },
        "armor_iron1": {
          "transitions": [ { "default": "(1.0)" } ],
          "on_entry": [ "/replaceitem entity @s slot.armor.head 1 iron_helmet" ]
        }
      }
    },
    "controller.animation.armor_golden1": {
      "states": {
        "default": {
          "transitions": [ { "armor_golden1": "(1.0)" } ],
          "on_entry": [ "/replaceitem entity @s slot.armor.head 1 golden_helmet" ]
        },
        "armor_golden1": {
          "transitions": [ { "default": "(1.0)" } ],
          "on_entry": [ "/replaceitem entity @s slot.armor.head 1 golden_helmet" ]
        }
      }
    },
    "controller.animation.armor_diamond1": {
      "states": {
        "default": {
          "transitions": [ { "armor_diamond1": "(1.0)" } ],
          "on_entry": [ "/replaceitem entity @s slot.armor.head 1 diamond_helmet" ]
        },
        "armor_diamond1": {
          "transitions": [ { "default": "(1.0)" } ],
          "on_entry": [ "/replaceitem entity @s slot.armor.head 1 diamond_helmet" ]
        }
      }
    },
    "controller.animation.armor_netherite1": {
      "states": {
        "default": {
          "transitions": [ { "armor_netherite1": "(1.0)" } ],
          "on_entry": [ "/replaceitem entity @s slot.armor.head 1 netherite_helmet" ]
        },
        "armor_netherite1": {
          "transitions": [ { "default": "(1.0)" } ],
          "on_entry": [ "/replaceitem entity @s slot.armor.head 1 netherite_helmet" ]
        }
      }
    },

    "controller.animation.armor_leather2": {
      "states": {
        "default": {
          "transitions": [ { "armor_leather2": "(1.0)" } ],
          "on_entry": [ "/replaceitem entity @s slot.armor.chest 1 leather_chestplate" ]
        },
        "armor_leather2": {
          "transitions": [ { "default": "(1.0)" } ],
          "on_entry": [ "/replaceitem entity @s slot.armor.chest 1 leather_chestplate" ]
        }
      }
    },
    "controller.animation.armor_chainmail2": {
      "states": {
        "default": {
          "transitions": [ { "armor_chainmail2": "(1.0)" } ],
          "on_entry": [ "/replaceitem entity @s slot.armor.chest 1 chainmail_chestplate" ]
        },
        "armor_chainmail2": {
          "transitions": [ { "default": "(1.0)" } ],
          "on_entry": [ "/replaceitem entity @s slot.armor.chest 1 chainmail_chestplate" ]
        }
      }
    },
    "controller.animation.armor_iron2": {
      "states": {
        "default": {
          "transitions": [ { "armor_iron2": "(1.0)" } ],
          "on_entry": [ "/replaceitem entity @s slot.armor.chest 1 iron_chestplate" ]
        },
        "armor_iron2": {
          "transitions": [ { "default": "(1.0)" } ],
          "on_entry": [ "/replaceitem entity @s slot.armor.chest 1 iron_chestplate" ]
        }
      }
    },
    "controller.animation.armor_golden2": {
      "states": {
        "default": {
          "transitions": [ { "armor_golden2": "(1.0)" } ],
          "on_entry": [ "/replaceitem entity @s slot.armor.chest 1 golden_chestplate" ]
        },
        "armor_golden2": {
          "transitions": [ { "default": "(1.0)" } ],
          "on_entry": [ "/replaceitem entity @s slot.armor.chest 1 golden_chestplate" ]
        }
      }
    },
    "controller.animation.armor_diamond2": {
      "states": {
        "default": {
          "transitions": [ { "armor_diamond2": "(1.0)" } ],
          "on_entry": [ "/replaceitem entity @s slot.armor.chest 1 diamond_chestplate" ]
        },
        "armor_diamond2": {
          "transitions": [ { "default": "(1.0)" } ],
          "on_entry": [ "/replaceitem entity @s slot.armor.chest 1 diamond_chestplate" ]
        }
      }
    },
    "controller.animation.armor_netherite2": {
      "states": {
        "default": {
          "transitions": [ { "armor_netherite2": "(1.0)" } ],
          "on_entry": [ "/replaceitem entity @s slot.armor.chest 1 netherite_chestplate" ]
        },
        "armor_netherite2": {
          "transitions": [ { "default": "(1.0)" } ],
          "on_entry": [ "/replaceitem entity @s slot.armor.chest 1 netherite_chestplate" ]
        }
      }
    },

    "controller.animation.armor_leather3": {
      "states": {
        "default": {
          "transitions": [ { "armor_leather3": "(1.0)" } ],
          "on_entry": [ "/replaceitem entity @s slot.armor.legs 1 leather_leggings" ]
        },
        "armor_leather3": {
          "transitions": [ { "default": "(1.0)" } ],
          "on_entry": [ "/replaceitem entity @s slot.armor.legs 1 leather_leggings" ]
        }
      }
    },
    "controller.animation.armor_chainmail3": {
      "states": {
        "default": {
          "transitions": [ { "armor_chainmail3": "(1.0)" } ],
          "on_entry": [ "/replaceitem entity @s slot.armor.legs 1 chainmail_leggings" ]
        },
        "armor_chainmail3": {
          "transitions": [ { "default": "(1.0)" } ],
          "on_entry": [ "/replaceitem entity @s slot.armor.legs 1 chainmail_leggings" ]
        }
      }
    },
    "controller.animation.armor_iron3": {
      "states": {
        "default": {
          "transitions": [ { "armor_iron3": "(1.0)" } ],
          "on_entry": [ "/replaceitem entity @s slot.armor.legs 1 iron_leggings" ]
        },
        "armor_iron3": {
          "transitions": [ { "default": "(1.0)" } ],
          "on_entry": [ "/replaceitem entity @s slot.armor.legs 1 iron_leggings" ]
        }
      }
    },
    "controller.animation.armor_golden3": {
      "states": {
        "default": {
          "transitions": [ { "armor_golden3": "(1.0)" } ],
          "on_entry": [ "/replaceitem entity @s slot.armor.legs 1 golden_leggings" ]
        },
        "armor_golden3": {
          "transitions": [ { "default": "(1.0)" } ],
          "on_entry": [ "/replaceitem entity @s slot.armor.legs 1 golden_leggings" ]
        }
      }
    },
    "controller.animation.armor_diamond3": {
      "states": {
        "default": {
          "transitions": [ { "armor_diamond3": "(1.0)" } ],
          "on_entry": [ "/replaceitem entity @s slot.armor.legs 1 diamond_leggings" ]
        },
        "armor_diamond3": {
          "transitions": [ { "default": "(1.0)" } ],
          "on_entry": [ "/replaceitem entity @s slot.armor.legs 1 diamond_leggings" ]
        }
      }
    },
    "controller.animation.armor_netherite3": {
      "states": {
        "default": {
          "transitions": [ { "armor_netherite3": "(1.0)" } ],
          "on_entry": [ "/replaceitem entity @s slot.armor.legs 1 netherite_leggings" ]
        },
        "armor_netherite3": {
          "transitions": [ { "default": "(1.0)" } ],
          "on_entry": [ "/replaceitem entity @s slot.armor.legs 1 netherite_leggings" ]
        }
      }
    },

    "controller.animation.armor_leather4": {
      "states": {
        "default": {
          "transitions": [ { "armor_leather4": "(1.0)" } ],
          "on_entry": [ "/replaceitem entity @s slot.armor.feet 1 leather_boots" ]
        },
        "armor_leather4": {
          "transitions": [ { "default": "(1.0)" } ],
          "on_entry": [ "/replaceitem entity @s slot.armor.feet 1 leather_boots" ]
        }
      }
    },
    "controller.animation.armor_chainmail4": {
      "states": {
        "default": {
          "transitions": [ { "armor_chainmail4": "(1.0)" } ],
          "on_entry": [ "/replaceitem entity @s slot.armor.feet 1 chainmail_boots" ]
        },
        "armor_chainmail4": {
          "transitions": [ { "default": "(1.0)" } ],
          "on_entry": [ "/replaceitem entity @s slot.armor.feet 1 chainmail_boots" ]
        }
      }
    },
    "controller.animation.armor_iron4": {
      "states": {
        "default": {
          "transitions": [ { "armor_iron4": "(1.0)" } ],
          "on_entry": [ "/replaceitem entity @s slot.armor.feet 1 iron_boots" ]
        },
        "armor_iron4": {
          "transitions": [ { "default": "(1.0)" } ],
          "on_entry": [ "/replaceitem entity @s slot.armor.feet 1 iron_boots" ]
        }
      }
    },
    "controller.animation.armor_golden4": {
      "states": {
        "default": {
          "transitions": [ { "armor_golden4": "(1.0)" } ],
          "on_entry": [ "/replaceitem entity @s slot.armor.feet 1 golden_boots" ]
        },
        "armor_golden4": {
          "transitions": [ { "default": "(1.0)" } ],
          "on_entry": [ "/replaceitem entity @s slot.armor.feet 1 golden_boots" ]
        }
      }
    },
    "controller.animation.armor_diamond4": {
      "states": {
        "default": {
          "transitions": [ { "armor_diamond4": "(1.0)" } ],
          "on_entry": [ "/replaceitem entity @s slot.armor.feet 1 diamond_boots" ]
        },
        "armor_diamond4": {
          "transitions": [ { "default": "(1.0)" } ],
          "on_entry": [ "/replaceitem entity @s slot.armor.feet 1 diamond_boots" ]
        }
      }
    },
    "controller.animation.armor_netherite4": {
      "states": {
        "default": {
          "transitions": [ { "armor_netherite4": "(1.0)" } ],
          "on_entry": [ "/replaceitem entity @s slot.armor.feet 1 netherite_boots" ]
        },
        "armor_netherite4": {
          "transitions": [ { "default": "(1.0)" } ],
          "on_entry": [ "/replaceitem entity @s slot.armor.feet 1 netherite_boots" ]
        }
      }
    },

    "controller.animation.armor_clear": {
      "states": {
        "default": {
          "transitions": [ { "armor_clear": "(1.0)" } ],
          "on_entry": [ 
              "/replaceitem entity @e[c=1,tag=npc] slot.armor.head 1 air",
              "/replaceitem entity @e[c=1,tag=npc] slot.armor.chest 1 air",
              "/replaceitem entity @e[c=1,tag=npc] slot.armor.legs 1 air",
              "/replaceitem entity @e[c=1,tag=npc] slot.armor.feet 1 air"
          ]
        },
        "armor_clear": {
          "transitions": [ { "default": "(1.0)" } ],
          "on_entry": [ 
              "/replaceitem entity @e[c=1,tag=npc] slot.armor.head 1 air",
              "/replaceitem entity @e[c=1,tag=npc] slot.armor.chest 1 air",
              "/replaceitem entity @e[c=1,tag=npc] slot.armor.legs 1 air",
              "/replaceitem entity @e[c=1,tag=npc] slot.armor.feet 1 air"
              ]
        }
      }
    }
  }
}