{
  "format_version": "1.12",
  "minecraft:recipe_shaped": {
    "description": {
      "identifier": "multi_c3113eb9"
    },
    "tags": [
      "crafting_table"
    ],
    "pattern": [
      "ABC",
      "DEF"
    ],
    "key": {
      "A": {
        "item": "minecraft:stained_glass",
        "data": 1
      },
      "B": {
        "item": "minecraft:stained_glass",
        "data": 5
      },
      "C": {
        "item": "minecraft:stained_glass",
        "data": 15
      },
      "D": {
        "item": "minecraft:stained_glass",
        "data": 2
      },
      "E": {
        "item": "minecraft:stained_glass",
        "data": 12
      },
      "F": {
        "item": "minecraft:stained_glass",
        "data": 11
      }
    },
    "result": {
      "item": "secret:multi",
      "count": 1
    }
  }
}