{
  "resource_pack_name": "vanilla",
  "texture_name": "atlas.items",
  "texture_data": {
    "egg_camel": {
      "textures": "textures/items/egg_camel"
    },
    "egg_lion": {
      "textures": "textures/items/egg_lion"
    },
    "egg_penguin": {
      "textures": "textures/items/egg_penguin"
    },
    "egg_tiger": {
      "textures": "textures/items/egg_tiger"
    },
    "egg_elephant": {
      "textures": "textures/items/egg_elephant"
    },
    "egg_deer": {
      "textures": "textures/items/egg_deer"
    },
    "egg_panther": {
      "textures": "textures/items/egg_panther"
    },
    "egg_frog": {
      "textures": "textures/items/egg_frog"
    },
    "egg_crocodile": {
      "textures": "textures/items/egg_crocodile"
    },
    "egg_mouse": {
      "textures": "textures/items/egg_mouse"
    },
    "gallardo": {
      "textures": "textures/items/gallardo"
    },
    "bench": {
      "textures": "textures/items/bench"
    },
    "christmas_tree": {
      "textures": "textures/items/christmas_tree"
    },
    "tivi": {
      "textures": "textures/items/tivi"
    },
    "closet": {
      "textures": "textures/items/closet"
    },
    "laptop": {
      "textures": "textures/items/laptop"
    },
    "piano": {
      "textures": "textures/items/piano"
    },
    "armchairs": {
      "textures": "textures/items/armchairs"
    },
    "chair": {
      "textures": "textures/items/chair"
    },
    "big_table": {
      "textures": "textures/items/big_table"
    },
    "small_table": {
      "textures": "textures/items/small_table"
    },
    "drone": {
      "textures": "textures/items/drone"
    },
    "colorful_gifts": {
      "textures": "textures/items/colorful_gifts"
    },
    "pa_blindness_arrow": {
      "textures": "textures/items/pamobile/pa_blindness_arrow"
    },
    "pa_sharp_shield": {
      "textures": "textures/items/pamobile/pa_sharp_shield"
    },
    "pa_tnt_arrow": {
      "textures": "textures/items/pamobile/pa_tnt_arrow"
    },
    "pa_bottle_explode": {
      "textures": "textures/items/pamobile/pa_bottle_explode"
    },
    "pa_nether_sword": {
      "textures": "textures/items/pamobile/pa_nether_sword"
    },
    "pa_pearl": {
      "textures": "textures/items/pamobile/pa_pearl"
    },
    "pa_glowstone_arrow": {
      "textures": "textures/items/pamobile/pa_glowstone_arrow"
    },
    "pa:elppa": {
      "textures": "textures/items/pamobile/pa_elppa"
    },
    "pa:spyhelmet": {
      "textures": "textures/items/pamobile/pa_spyhelmet"
    },
    "pa_fishing_spear": {
      "textures": "textures/items/pamobile/pa_fishing_spear"
    },
    "pa_mining_helmet": {
      "textures": "textures/items/pamobile/pa_mining_helmet"
    },
    "pa_merged_helmet": {
      "textures": [
        "textures/items/pamobile/pa_merged_helmet"
      ]
    },
    "pa_merged_chestplate": {
      "textures": [
        "textures/items/pamobile/pa_merged_chestplate"
      ]
    },
    "pa_merged_leggings": {
      "textures": [
        "textures/items/pamobile/pa_merged_leggings"
      ]
    },
    "pa:diamond_pick_beef": {
      "textures": "textures/items/pamobile/pa_diamond_pick_beef"
    },
    "pa_merged_boots": {
      "textures": [
        "textures/items/pamobile/pa_merged_boots"
      ]
    },
    "pa_netherised_chestplate": {
      "textures": [
        "textures/items/pamobile/pa_netherised_chestplate"
      ]
    },
    "pa_night_pickaxe": {
      "textures": "textures/items/pamobile/pa_night_pickaxe"
    },
    "pa_squid_launcher": {
      "textures": "textures/items/pamobile/pa_squid_launcher"
    },
    "pa:nothing_ingot": {
      "textures": "textures/items/pamobile/pa_nothing_ingot"
    },
    "pa:redstone_ingot": {
      "textures": "textures/items/pamobile/pa_redstone_ingot"
    },
    "pa:coal_ingot": {
      "textures": "textures/items/pamobile/pa_coal_ingot"
    },
    "pa_lifesteal": {
      "textures": "textures/items/pamobile/pa_lifesteal"
    },
    "pa:emerald_ingot": {
      "textures": "textures/items/pamobile/pa_emerald_ingot"
    },
    "pa:redstone_tnt": {
      "textures": "textures/items/pamobile/pa_redstone_tnt"
    }
  }
}