{
  "resource_pack_name": "vanilla",
  "texture_name": "atlas.terrain",
  "padding": 8,
  "num_mip_levels": 4,
  "texture_data": {
    "secret_multi_up": {
      "textures": [
        "textures/blocks/secret_multi_up"
      ]
    },
    "block_netherized_table": {
      "textures": [
        "textures/blocks/block_netherized_table"
      ]
    },
    "secret_multi_down": {
      "textures": [
        "textures/blocks/secret_multi_down"
      ]
    },
    "block_iron_gate": {
      "textures": [
        "textures/blocks/block_iron_gate"
      ]
    },
    "stairs_diamond_ore_stairs": {
      "textures": [
        "textures/blocks/stairs_diamond_ore_stairs"
      ]
    },
    "secret_multi_north": {
      "textures": [
        "textures/blocks/secret_multi_north"
      ]
    },
    "secret_multi_south": {
      "textures": [
        "textures/blocks/secret_multi_south"
      ]
    },
    "secret_multi_east": {
      "textures": [
        "textures/blocks/secret_multi_east"
      ]
    },
    "secret_multi_west": {
      "textures": [
        "textures/blocks/secret_multi_west"
      ]
    }
  }
}