{
  "format_version": "1.10.0",
  "minecraft:attachable": {
    "description": {
      "identifier": "gg:apple_airpods_pro.player",
      "item": {
        "gg:apple_airpods_pro": "query.owner_identifier == 'minecraft:player'"
      },
      "materials": {
        "default": "armor",
        "enchanted": "armor_enchanted"
      },
      "textures": {
        "default": "textures/entity/pamobile/gg_apple_airpods_pro",
        "enchanted": "textures/misc/enchanted_item_glint"
      },
      "geometry": {
        "default": "geometry.player.armor.helmet"
      },
      "scripts": {
        "parent_setup": "variable.helmet_layer_visible = 0.0;"
      },
      "render_controllers": [
        "controller.render.armor"
      ]
    }
  }
}