{
  "format_version": "1.16.100",
  "minecraft:item": {
    "description": {
      "identifier": "t:junglechestplate",
      "category": "Equipment"
    },
    "components": {
      "minecraft:icon": {
        "texture": "t_junglechestplate"
      },
      "minecraft:creative_category": {
        "parent": "itemGroup.name.chestplate"
      },
      "minecraft:max_stack_size": 1,
      "minecraft:enchantable": {
        "value": 10,
        "slot": "armor_torso"
      },
      "minecraft:durability": {
        "max_durability": 100,
        "damage_chance": {
          "min": 60,
          "max": 100
        }
      },
      "minecraft:knockback_resistance": {
        "protection": 0.75
      },
      "minecraft:mining_speed": 5,
      "minecraft:wearable": {
        "slot": "slot.armor.chest"
      },
      "minecraft:render_offsets": "chestplates",
      "minecraft:repairable": {
        "repair_items": []
      },
      "minecraft:armor": {
        "protection": 5
      },
      "minecraft:display_name": {}
    }
  }
}