{
  "format_version": "1.16.100",
  "minecraft:item": {
    "description": {
      "identifier": "t:oxigenmask",
      "category": "Equipment"
    },
    "components": {
      "minecraft:icon": {
        "texture": "t_oxigenmask"
      },
      "minecraft:creative_category": {
        "parent": "itemGroup.name.helmet"
      },
      "minecraft:max_stack_size": 1,
      "minecraft:enchantable": {
        "value": 10,
        "slot": "armor_head"
      },
      "minecraft:durability": {
        "max_durability": 200,
        "damage_chance": {
          "min": 60,
          "max": 100
        }
      },
      "minecraft:knockback_resistance": {
        "protection": 0.75
      },
      "minecraft:mining_speed": 5,
      "minecraft:wearable": {
        "slot": "slot.armor.head"
      },
      "minecraft:render_offsets": "helmets",
      "minecraft:repairable": {
        "repair_items": []
      },
      "minecraft:armor": {
        "protection": 4
      },
      "minecraft:display_name": {}
    }
  }
}