{
  "resource_pack_name": "Furnicraft[Resource]",
  "texture_name": "atlas.items",
  "texture_data": {
    "egg_camel": {
      "textures": "textures/items/egg_camel"
    },
    "egg_lion": {
      "textures": "textures/items/egg_lion"
    },
    "egg_penguin": {
      "textures": "textures/items/egg_penguin"
    },
    "egg_tiger": {
      "textures": "textures/items/egg_tiger"
    },
    "egg_elephant": {
      "textures": "textures/items/egg_elephant"
    },
    "egg_deer": {
      "textures": "textures/items/egg_deer"
    },
    "egg_panther": {
      "textures": "textures/items/egg_panther"
    },
    "egg_frog": {
      "textures": "textures/items/egg_frog"
    },
    "egg_crocodile": {
      "textures": "textures/items/egg_crocodile"
    },
    "egg_mouse": {
      "textures": "textures/items/egg_mouse"
    },
    "gallardo": {
      "textures": "textures/items/gallardo"
    },
    "bench": {
      "textures": "textures/items/bench"
    },
    "christmas_tree": {
      "textures": "textures/items/christmas_tree"
    },
    "tivi": {
      "textures": "textures/items/tivi"
    },
    "closet": {
      "textures": "textures/items/closet"
    },
    "laptop": {
      "textures": "textures/items/laptop"
    },
    "piano": {
      "textures": "textures/items/piano"
    },
    "armchairs": {
      "textures": "textures/items/armchairs"
    },
    "chair": {
      "textures": "textures/items/chair"
    },
    "big_table": {
      "textures": "textures/items/big_table"
    },
    "small_table": {
      "textures": "textures/items/small_table"
    },
    "drone": {
      "textures": "textures/items/drone"
    },
    "colorful_gifts": {
      "textures": "textures/items/colorful_gifts"
    },
    "pa:chocolate_piece": {
      "textures": "textures/items/pamobile/pa_chocolate_piece"
    },
    "pa:stone_golem_spawn": {
      "textures": "textures/items/pamobile/pa_stone_golem_spawn"
    },
    "pa:odd_orb": {
      "textures": "textures/items/pamobile/pa_odd_orb"
    },
    "pa:blue_blast": {
      "textures": "textures/items/pamobile/pa_blue_blast"
    },
    "pa:better_bow": {
      "textures": "textures/items/pamobile/pa_better_bow"
    },
    "pa:rainbow_orb": {
      "textures": "textures/items/pamobile/pa_rainbow_orb"
    },
    "pa:life_orb": {
      "textures": "textures/items/pamobile/pa_life_orb"
    },
    "pa:orb_of_life": {
      "textures": "textures/items/pamobile/pa_orb_of_life"
    },
    "pa:life_orb_sword": {
      "textures": "textures/items/pamobile/pa_life_orb_sword"
    },
    "pa:life_ingot": {
      "textures": "textures/items/pamobile/pa_life_ingot"
    },
    "pa:spider_egg": {
      "textures": "textures/items/pamobile/pa_spider_egg"
    },
    "pa:strong_string": {
      "textures": "textures/items/pamobile/pa_strong_string"
    },
    "pa:chocolate_bucket": {
      "textures": "textures/items/pamobile/pa_chocolate_bucket"
    },
    "pa:weird_spider_egg": {
      "textures": "textures/items/pamobile/pa_weird_spider_egg"
    },
    "pa:rainbow_powder": {
      "textures": "textures/items/pamobile/pa_rainbow_powder"
    },
    "pa:red_iron_ingot": {
      "textures": "textures/items/pamobile/pa_red_iron_ingot"
    },
    "pa:rainbow_sword": {
      "textures": "textures/items/pamobile/pa_rainbow_sword"
    },
    "pa:blue_iron_ingot": {
      "textures": "textures/items/pamobile/pa_blue_iron_ingot"
    },
    "pa:orange_iron_ingot": {
      "textures": "textures/items/pamobile/pa_orange_iron_ingot"
    },
    "pa:green_iron_ingot": {
      "textures": "textures/items/pamobile/pa_green_iron_ingot"
    },
    "pa:purple_iron_ingot": {
      "textures": "textures/items/pamobile/pa_purple_iron_ingot"
    },
    "pa:pink_iron_ingot": {
      "textures": "textures/items/pamobile/pa_pink_iron_ingot"
    },
    "pa:life_orb_boss": {
      "textures": "textures/items/pamobile/pa_life_orb_boss"
    },
    "pa:queen_spider": {
      "textures": "textures/items/pamobile/pa_queen_spider"
    },
    "pa:baby_spider": {
      "textures": "textures/items/pamobile/pa_baby_spider"
    },
    "pa:candy_man_npc": {
      "textures": "textures/items/pamobile/pa_candy_man_npc"
    },
    "pa:chocolate_candy_man": {
      "textures": "textures/items/pamobile/pa_chocolate_candy_man"
    },
    "pa:stone_golem": {
      "textures": "textures/items/pamobile/pa_stone_golem"
    },
    "pa:tree_nymph": {
      "textures": "textures/items/pamobile/pa_tree_nymph"
    },
    "pa:yellow_stone_golem": {
      "textures": "textures/items/pamobile/pa_yellow_stone_golem"
    },
    "pa:player": {
      "textures": "textures/items/pamobile/pa_player"
    },
    "pa:birch_tree_nymph": {
      "textures": "textures/items/pamobile/pa_birch_tree_nymph"
    },
    "pa:orange_soldier": {
      "textures": "textures/items/pamobile/pa_orange_soldier"
    },
    "pa:dark_oak_tree_nymph": {
      "textures": "textures/items/pamobile/pa_dark_oak_tree_nymph"
    },
    "pa:red_steve": {
      "textures": "textures/items/pamobile/pa_red_steve"
    },
    "pa:jungle_wood_nymph": {
      "textures": "textures/items/pamobile/pa_jungle_wood_nymph"
    },
    "pa:rainbow_destroyer": {
      "textures": "textures/items/pamobile/pa_rainbow_destroyer"
    }
  }
}