{
  "resource_pack_name": "vanilla",
  "texture_name": "atlas.terrain",
  "padding": 8,
  "num_mip_levels": 4,
  "texture_data": {
    "bundling_unit_bottom": { "textures": [ "textures/item_bundler/blocks/bundling_unit_bottom" ] },
    "bundling_unit_side": { "textures": [ "textures/item_bundler/blocks/bundling_unit_side" ] },
    "bundling_unit_top": { "textures": [ "textures/item_bundler/blocks/bundling_unit_top" ] },
	
    "bundling_unit_side_apple": { "textures": [ "textures/item_bundler/blocks/bundling_unit_side_apple" ] },
    "bundling_unit_side_baked_potato": { "textures": [ "textures/item_bundler/blocks/bundling_unit_side_baked_potato" ] },
    "bundling_unit_side_bamboo": { "textures": [ "textures/item_bundler/blocks/bundling_unit_side_bamboo" ] },
    "bundling_unit_side_beetroot": { "textures": [ "textures/item_bundler/blocks/bundling_unit_side_beetroot" ] },
    "bundling_unit_side_beetroot_seeds": { "textures": [ "textures/item_bundler/blocks/bundling_unit_side_beetroot_seeds" ] },
    "bundling_unit_side_black_dye": { "textures": [ "textures/item_bundler/blocks/bundling_unit_side_black_dye" ] },
    "bundling_unit_side_blaze_powder": { "textures": [ "textures/item_bundler/blocks/bundling_unit_side_blaze_powder" ] },
    "bundling_unit_side_blaze_rod": { "textures": [ "textures/item_bundler/blocks/bundling_unit_side_blaze_rod" ] },
    "bundling_unit_side_blue_dye": { "textures": [ "textures/item_bundler/blocks/bundling_unit_side_blue_dye" ] },
    "bundling_unit_side_bone": { "textures": [ "textures/item_bundler/blocks/bundling_unit_side_bone" ] },
    "bundling_unit_side_bonemeal": { "textures": [ "textures/item_bundler/blocks/bundling_unit_side_bonemeal" ] },
    "bundling_unit_side_book": { "textures": [ "textures/item_bundler/blocks/bundling_unit_side_book" ] },
    "bundling_unit_side_bowl": { "textures": [ "textures/item_bundler/blocks/bundling_unit_side_bowl" ] },
    "bundling_unit_side_bread": { "textures": [ "textures/item_bundler/blocks/bundling_unit_side_bread" ] },
    "bundling_unit_side_brick": { "textures": [ "textures/item_bundler/blocks/bundling_unit_side_brick" ] },
    "bundling_unit_side_brown_dye": { "textures": [ "textures/item_bundler/blocks/bundling_unit_side_brown_dye" ] },
    "bundling_unit_side_cake": { "textures": [ "textures/item_bundler/blocks/bundling_unit_side_cake" ] },
    "bundling_unit_side_carrot": { "textures": [ "textures/item_bundler/blocks/bundling_unit_side_carrot" ] },
    "bundling_unit_side_charcoal": { "textures": [ "textures/item_bundler/blocks/bundling_unit_side_charcoal" ] },
    "bundling_unit_side_clay_ball": { "textures": [ "textures/item_bundler/blocks/bundling_unit_side_clay_ball" ] },
    "bundling_unit_side_coal": { "textures": [ "textures/item_bundler/blocks/bundling_unit_side_coal" ] },
    "bundling_unit_side_cocoa_beans": { "textures": [ "textures/item_bundler/blocks/bundling_unit_side_cocoa_beans" ] },
    "bundling_unit_side_cooked_beef": { "textures": [ "textures/item_bundler/blocks/bundling_unit_side_cooked_beef" ] },
    "bundling_unit_side_cooked_chicken": { "textures": [ "textures/item_bundler/blocks/bundling_unit_side_cooked_chicken" ] },
    "bundling_unit_side_cooked_fish": { "textures": [ "textures/item_bundler/blocks/bundling_unit_side_cooked_fish" ] },
    "bundling_unit_side_cooked_mutton": { "textures": [ "textures/item_bundler/blocks/bundling_unit_side_cooked_mutton" ] },
    "bundling_unit_side_cooked_porkchop": { "textures": [ "textures/item_bundler/blocks/bundling_unit_side_cooked_porkchop" ] },
    "bundling_unit_side_cooked_rabbit": { "textures": [ "textures/item_bundler/blocks/bundling_unit_side_cooked_rabbit" ] },
    "bundling_unit_side_cooked_salmon": { "textures": [ "textures/item_bundler/blocks/bundling_unit_side_cooked_salmon" ] },
    "bundling_unit_side_cookie": { "textures": [ "textures/item_bundler/blocks/bundling_unit_side_cookie" ] },
    "bundling_unit_side_cyan_dye": { "textures": [ "textures/item_bundler/blocks/bundling_unit_side_cyan_dye" ] },
    "bundling_unit_side_egg": { "textures": [ "textures/item_bundler/blocks/bundling_unit_side_egg" ] },
    "bundling_unit_side_enchanted_golden_apple": { "textures": [ "textures/item_bundler/blocks/bundling_unit_side_enchanted_golden_apple" ] },
    "bundling_unit_side_ender_eye": { "textures": [ "textures/item_bundler/blocks/bundling_unit_side_ender_eye" ] },
    "bundling_unit_side_ender_pearl": { "textures": [ "textures/item_bundler/blocks/bundling_unit_side_ender_pearl" ] },
    "bundling_unit_side_experience_bottle": { "textures": [ "textures/item_bundler/blocks/bundling_unit_side_experience_bottle" ] },
    "bundling_unit_side_feather": { "textures": [ "textures/item_bundler/blocks/bundling_unit_side_feather" ] },
    "bundling_unit_side_fermented_spider_eye": { "textures": [ "textures/item_bundler/blocks/bundling_unit_side_fermented_spider_eye" ] },
    "bundling_unit_side_fire_charge": { "textures": [ "textures/item_bundler/blocks/bundling_unit_side_fire_charge" ] },
    "bundling_unit_side_flint": { "textures": [ "textures/item_bundler/blocks/bundling_unit_side_flint" ] },
    "bundling_unit_side_flower_pot": { "textures": [ "textures/item_bundler/blocks/bundling_unit_side_flower_pot" ] },
    "bundling_unit_side_ghast_tear": { "textures": [ "textures/item_bundler/blocks/bundling_unit_side_ghast_tear" ] },
    "bundling_unit_side_glowstone_dust": { "textures": [ "textures/item_bundler/blocks/bundling_unit_side_glowstone_dust" ] },
    "bundling_unit_side_golden_apple": { "textures": [ "textures/item_bundler/blocks/bundling_unit_side_golden_apple" ] },
    "bundling_unit_side_golden_carrot": { "textures": [ "textures/item_bundler/blocks/bundling_unit_side_golden_carrot" ] },
    "bundling_unit_side_gray_dye": { "textures": [ "textures/item_bundler/blocks/bundling_unit_side_gray_dye" ] },
    "bundling_unit_side_green_dye": { "textures": [ "textures/item_bundler/blocks/bundling_unit_side_green_dye" ] },
    "bundling_unit_side_gunpowder": { "textures": [ "textures/item_bundler/blocks/bundling_unit_side_gunpowder" ] },
    "bundling_unit_side_heart_of_the_sea": { "textures": [ "textures/item_bundler/blocks/bundling_unit_side_heart_of_the_sea" ] },
    "bundling_unit_side_honeycomb": { "textures": [ "textures/item_bundler/blocks/bundling_unit_side_honeycomb" ] },
    "bundling_unit_side_honey_bottle": { "textures": [ "textures/item_bundler/blocks/bundling_unit_side_honey_bottle" ] },
    "bundling_unit_side_ink_sac": { "textures": [ "textures/item_bundler/blocks/bundling_unit_side_ink_sac" ] },
    "bundling_unit_side_item_frame": { "textures": [ "textures/item_bundler/blocks/bundling_unit_side_item_frame" ] },
    "bundling_unit_side_kelp": { "textures": [ "textures/item_bundler/blocks/bundling_unit_side_kelp" ] },
    "bundling_unit_side_lapis_lazuli": { "textures": [ "textures/item_bundler/blocks/bundling_unit_side_lapis_lazuli" ] },
    "bundling_unit_side_ladder": { "textures": [ "textures/item_bundler/blocks/bundling_unit_side_ladder" ] },
    "bundling_unit_side_lead": { "textures": [ "textures/item_bundler/blocks/bundling_unit_side_lead" ] },
    "bundling_unit_side_leather": { "textures": [ "textures/item_bundler/blocks/bundling_unit_side_leather" ] },
    "bundling_unit_side_light_blue_dye": { "textures": [ "textures/item_bundler/blocks/bundling_unit_side_light_blue_dye" ] },
    "bundling_unit_side_lime_dye": { "textures": [ "textures/item_bundler/blocks/bundling_unit_side_lime_dye" ] },
    "bundling_unit_side_magenta_dye": { "textures": [ "textures/item_bundler/blocks/bundling_unit_side_magenta_dye" ] },
    "bundling_unit_side_magma_cream": { "textures": [ "textures/item_bundler/blocks/bundling_unit_side_magma_cream" ] },
    "bundling_unit_side_melon_seeds": { "textures": [ "textures/item_bundler/blocks/bundling_unit_side_melon_seeds" ] },
    "bundling_unit_side_name_tag": { "textures": [ "textures/item_bundler/blocks/bundling_unit_side_name_tag" ] },
    "bundling_unit_side_nautilus_shell": { "textures": [ "textures/item_bundler/blocks/bundling_unit_side_nautilus_shell" ] },
    "bundling_unit_side_nether_brick": { "textures": [ "textures/item_bundler/blocks/bundling_unit_side_nether_brick" ] },
    "bundling_unit_side_nether_star": { "textures": [ "textures/item_bundler/blocks/bundling_unit_side_nether_star" ] },
    "bundling_unit_side_nether_wart": { "textures": [ "textures/item_bundler/blocks/bundling_unit_side_nether_wart" ] },
    "bundling_unit_side_orange_dye": { "textures": [ "textures/item_bundler/blocks/bundling_unit_side_orange_dye" ] },
    "bundling_unit_side_painting": { "textures": [ "textures/item_bundler/blocks/bundling_unit_side_painting" ] },
    "bundling_unit_side_paper": { "textures": [ "textures/item_bundler/blocks/bundling_unit_side_paper" ] },
    "bundling_unit_side_phantom_membrane": { "textures": [ "textures/item_bundler/blocks/bundling_unit_side_phantom_membrane" ] },
    "bundling_unit_side_pink_dye": { "textures": [ "textures/item_bundler/blocks/bundling_unit_side_pink_dye" ] },
    "bundling_unit_side_poisonous_potato": { "textures": [ "textures/item_bundler/blocks/bundling_unit_side_poisonous_potato" ] },
    "bundling_unit_side_potato": { "textures": [ "textures/item_bundler/blocks/bundling_unit_side_potato" ] },
    "bundling_unit_side_prismarine_crystals": { "textures": [ "textures/item_bundler/blocks/bundling_unit_side_prismarine_crystals" ] },
    "bundling_unit_side_pufferfish": { "textures": [ "textures/item_bundler/blocks/bundling_unit_side_pufferfish" ] },
    "bundling_unit_side_pumpkin_pie": { "textures": [ "textures/item_bundler/blocks/bundling_unit_side_pumpkin_pie" ] },
    "bundling_unit_side_pumpkin_seeds": { "textures": [ "textures/item_bundler/blocks/bundling_unit_side_pumpkin_seeds" ] },
    "bundling_unit_side_purple_dye": { "textures": [ "textures/item_bundler/blocks/bundling_unit_side_purple_dye" ] },
    "bundling_unit_side_quartz": { "textures": [ "textures/item_bundler/blocks/bundling_unit_side_quartz" ] },
    "bundling_unit_side_rabbit_foot": { "textures": [ "textures/item_bundler/blocks/bundling_unit_side_rabbit_foot" ] },
    "bundling_unit_side_rabbit_hide": { "textures": [ "textures/item_bundler/blocks/bundling_unit_side_rabbit_hide" ] },
    "bundling_unit_side_raw_beef": { "textures": [ "textures/item_bundler/blocks/bundling_unit_side_raw_beef" ] },
    "bundling_unit_side_raw_chicken": { "textures": [ "textures/item_bundler/blocks/bundling_unit_side_raw_chicken" ] },
    "bundling_unit_side_raw_fish": { "textures": [ "textures/item_bundler/blocks/bundling_unit_side_raw_fish" ] },
    "bundling_unit_side_raw_mutton": { "textures": [ "textures/item_bundler/blocks/bundling_unit_side_raw_mutton" ] },
    "bundling_unit_side_raw_porkchop": { "textures": [ "textures/item_bundler/blocks/bundling_unit_side_raw_porkchop" ] },
    "bundling_unit_side_raw_rabbit": { "textures": [ "textures/item_bundler/blocks/bundling_unit_side_raw_rabbit" ] },
    "bundling_unit_side_raw_salmon": { "textures": [ "textures/item_bundler/blocks/bundling_unit_side_raw_salmon" ] },
    "bundling_unit_side_red_dye": { "textures": [ "textures/item_bundler/blocks/bundling_unit_side_red_dye" ] },
    "bundling_unit_side_rotten_flesh": { "textures": [ "textures/item_bundler/blocks/bundling_unit_side_rotten_flesh" ] },
    "bundling_unit_side_scute": { "textures": [ "textures/item_bundler/blocks/bundling_unit_side_scute" ] },
    "bundling_unit_side_sea_pickle": { "textures": [ "textures/item_bundler/blocks/bundling_unit_side_sea_pickle" ] },
    "bundling_unit_side_shulker_shell": { "textures": [ "textures/item_bundler/blocks/bundling_unit_side_shulker_shell" ] },
    "bundling_unit_side_silver_dye": { "textures": [ "textures/item_bundler/blocks/bundling_unit_side_silver_dye" ] },
    "bundling_unit_side_snowball": { "textures": [ "textures/item_bundler/blocks/bundling_unit_side_snowball" ] },
    "bundling_unit_side_speckled_melon": { "textures": [ "textures/item_bundler/blocks/bundling_unit_side_speckled_melon" ] },
    "bundling_unit_side_spider_eye": { "textures": [ "textures/item_bundler/blocks/bundling_unit_side_spider_eye" ] },
    "bundling_unit_side_stick": { "textures": [ "textures/item_bundler/blocks/bundling_unit_side_stick" ] },
    "bundling_unit_side_string": { "textures": [ "textures/item_bundler/blocks/bundling_unit_side_string" ] },
    "bundling_unit_side_sugar": { "textures": [ "textures/item_bundler/blocks/bundling_unit_side_sugar" ] },
    "bundling_unit_side_sugar_cane": { "textures": [ "textures/item_bundler/blocks/bundling_unit_side_sugar_cane" ] },
    "bundling_unit_side_sweet_berries": { "textures": [ "textures/item_bundler/blocks/bundling_unit_side_sweet_berries" ] },
    "bundling_unit_side_tropical_fish": { "textures": [ "textures/item_bundler/blocks/bundling_unit_side_tropical_fish" ] },
    "bundling_unit_side_wheat_seeds": { "textures": [ "textures/item_bundler/blocks/bundling_unit_side_wheat_seeds" ] },
    "bundling_unit_side_white_dye": { "textures": [ "textures/item_bundler/blocks/bundling_unit_side_white_dye" ] },
    "bundling_unit_side_yellow_dye": { "textures": [ "textures/item_bundler/blocks/bundling_unit_side_yellow_dye" ] },
    "bundling_unit_side_netherite_scrap": { "textures": [ "textures/item_bundler/blocks/bundling_unit_side_netherite_scrap" ] },
    "bundling_unit_side_crimson_fungus": { "textures": [ "textures/item_bundler/blocks/bundling_unit_side_crimson_fungus" ] },
    "bundling_unit_side_warped_fungus": { "textures": [ "textures/item_bundler/blocks/bundling_unit_side_warped_fungus" ] },

    "bundling_unit_side_blue_ice": { "textures": [ "textures/item_bundler/blocks/bundling_unit_side_blue_ice" ] },
    "bundling_unit_side_bone_block": { "textures": [ "textures/item_bundler/blocks/bundling_unit_side_bone_block" ] },
    "bundling_unit_side_diamond": { "textures": [ "textures/item_bundler/blocks/bundling_unit_side_diamond" ] },
    "bundling_unit_side_dried_kelp": { "textures": [ "textures/item_bundler/blocks/bundling_unit_side_dried_kelp" ] },
    "bundling_unit_side_emerald": { "textures": [ "textures/item_bundler/blocks/bundling_unit_side_emerald" ] },
    "bundling_unit_side_gold": { "textures": [ "textures/item_bundler/blocks/bundling_unit_side_gold" ] },
    "bundling_unit_side_iron": { "textures": [ "textures/item_bundler/blocks/bundling_unit_side_iron" ] },
    "bundling_unit_side_melon": { "textures": [ "textures/item_bundler/blocks/bundling_unit_side_melon" ] },
    "bundling_unit_side_prismarine": { "textures": [ "textures/item_bundler/blocks/bundling_unit_side_prismarine" ] },
    "bundling_unit_side_redstone": { "textures": [ "textures/item_bundler/blocks/bundling_unit_side_redstone" ] },
    "bundling_unit_side_netherite": { "textures": [ "textures/item_bundler/blocks/bundling_unit_side_netherite" ] }
  }
}