{
  "format_version": [   1,  1, 0 ],
  "raigen:power_source": {
    "textures": {
      "up": "power_source_top",
      "down": "power_source_bottom",
      "side": "power_source_side"
    },
    "sound": "stone"
  },
  "raigen:power_source_min": {
    "textures": {
      "up": "power_canister_top",
      "down": "power_source_bottom",
      "side": "power_source_side_min"
    },
    "sound": "stone"
  },
  "raigen:power_source_med": {
    "textures": {
      "up": "power_canister_top",
      "down": "power_source_bottom",
      "side": "power_source_side_med"
    },
    "sound": "stone"
  },
  "raigen:power_canister": {
    "textures": {
      "up": "power_canister_top",
      "down": "power_source_bottom",
      "side": "power_canister_side"
    },
    "sound": "stone"
  },
  "raigen:silicon_block": {
    "textures": "silicon_block",
    "sound": "metal"
  },
  "raigen:sylex_block": {
    "textures": "sylex_block",
    "sound": "metal"
  },
  "raigen:auto_harvester_supply": {
    "textures": "auto_harvester_supply",
    "sound": "stone"
  },
  "raigen:auto_collector_supply": {
    "textures": "auto_collector_supply",
    "sound": "stone"
  },
  "raigen:item_shredder_supply": {
    "textures": "item_shredder_supply",
    "sound": "stone"
  },
  "raigen:auto_disperser_supply": {
    "textures": "auto_disperser_supply",
    "sound": "stone"
  },
  "raigen:solar_generator_supply": {
    "textures": "solar_generator_supply",
    "sound": "stone"
  },
  "raigen:lunar_generator_supply": {
    "textures": "lunar_generator_supply",
    "sound": "stone"
  }
}