{
  "format_version": "1.10",
  "minecraft:entity": {
    "description": {
      "identifier": "minecraft:player",
      "is_spawnable": false,
      "is_summonable": false,
      "is_experimental": false,
      "scripts": {
        "animate": [
          "walk",
          "t:junglechestplate",
          "t:greycombathelmet",
          "t:greencombathelmet",
          "t:greyrangervest",
          "c:coldwintercap",
          "t:greyoxigenmask",
          "t:junglehelmet",
          "t:oxigenmask",
          "t:pilotjacket",
          "t:nativetunic",
          "t:rangervest",
          "t:greenhighboots",
          "t:greenoxigenmask",
          "t:highboots",
          "t:greycoldwintercap",
          "t:greyhighboots",
          "t:nativeboots",
          "t:lapischestplate",
          "t:infectionboots",
          "t:headband",
          "t:greywildleggins",
          "t:wildleggins",
          "t:greenwildleggins",
          "t:nativeleggins",
          "t:stridermask",
          "t:paperwings",
          "t:rocketboots",
          "t:infectionjacket",
          "t:eyeband",
          "t:wings",
          "t:fishglass",
          "t:infectionhelmet",
          "t:oxigenmaskmk2",
          "t:redstonehelmet",
          "t:redstoneboots",
          "t:lapishelmet",
          "t:redstonechestplate",
          "t:lapisboots",
          "t:redstoneleggins",
          "t:lapisleggins",
          "t:infectionleggins"
        ]
      },
      "animations": {
        "walk": "controller.animation.walk",
        "t:junglechestplate": "controller.animation.t_junglechestplate",
        "t:greycombathelmet": "controller.animation.t_greycombathelmet",
        "t:greencombathelmet": "controller.animation.t_greencombathelmet",
        "t:greyrangervest": "controller.animation.t_greyrangervest",
        "c:coldwintercap": "controller.animation.c_coldwintercap",
        "t:greyoxigenmask": "controller.animation.t_greyoxigenmask",
        "t:junglehelmet": "controller.animation.t_junglehelmet",
        "t:oxigenmask": "controller.animation.t_oxigenmask",
        "t:pilotjacket": "controller.animation.t_pilotjacket",
        "t:nativetunic": "controller.animation.t_nativetunic",
        "t:rangervest": "controller.animation.t_rangervest",
        "t:greenhighboots": "controller.animation.t_greenhighboots",
        "t:greenoxigenmask": "controller.animation.t_greenoxigenmask",
        "t:highboots": "controller.animation.t_highboots",
        "t:greycoldwintercap": "controller.animation.t_greycoldwintercap",
        "t:greyhighboots": "controller.animation.t_greyhighboots",
        "t:nativeboots": "controller.animation.t_nativeboots",
        "t:lapischestplate": "controller.animation.t_lapischestplate",
        "t:infectionboots": "controller.animation.t_infectionboots",
        "t:headband": "controller.animation.t_headband",
        "t:greywildleggins": "controller.animation.t_greywildleggins",
        "t:wildleggins": "controller.animation.t_wildleggins",
        "t:greenwildleggins": "controller.animation.t_greenwildleggins",
        "t:nativeleggins": "controller.animation.t_nativeleggins",
        "t:stridermask": "controller.animation.t_stridermask",
        "t:paperwings": "controller.animation.t_paperwings",
        "t:rocketboots": "controller.animation.t_rocketboots",
        "t:infectionjacket": "controller.animation.t_infectionjacket",
        "t:eyeband": "controller.animation.t_eyeband",
        "t:wings": "controller.animation.t_wings",
        "t:fishglass": "controller.animation.t_fishglass",
        "t:infectionhelmet": "controller.animation.t_infectionhelmet",
        "t:oxigenmaskmk2": "controller.animation.t_oxigenmaskmk2",
        "t:redstonehelmet": "controller.animation.t_redstonehelmet",
        "t:redstoneboots": "controller.animation.t_redstoneboots",
        "t:lapishelmet": "controller.animation.t_lapishelmet",
        "t:redstonechestplate": "controller.animation.t_redstonechestplate",
        "t:lapisboots": "controller.animation.t_lapisboots",
        "t:redstoneleggins": "controller.animation.t_redstoneleggins",
        "t:lapisleggins": "controller.animation.t_lapisleggins",
        "t:infectionleggins": "controller.animation.t_infectionleggins"
      }
    },
    "component_groups": {
      "pamobile:respawn": {
        "minecraft:mark_variant": {
          "value": 99999
        },
        "minecraft:health": {
          "value": 20,
          "max": 20
        },
        "minecraft:movement": {
          "value": 0.1
        },
        "minecraft:attack": {
          "damage": 1
        },
        "minecraft:spell_effects": {
          "remove_effects": [
            "fire_resistance",
            "jump_boost",
            "slow_falling",
            "water_breathing",
            "blindness"
          ]
        }
      },
      "ammo:1": {
        "minecraft:mark_variant": {
          "value": 1
        }
      },
      "t:sharpstick": {
        "minecraft:health": {
          "value": 20,
          "max": 20
        },
        "minecraft:movement": {
          "value": 0.1
        },
        "minecraft:spell_effects": {
          "add_effects": []
        }
      },
      "t:wooddagger": {
        "minecraft:health": {
          "value": 20,
          "max": 20
        },
        "minecraft:movement": {
          "value": 0.1
        },
        "minecraft:spell_effects": {
          "add_effects": []
        }
      },
      "t:diamonddagger": {
        "minecraft:health": {
          "value": 20,
          "max": 20
        },
        "minecraft:movement": {
          "value": 0.1
        },
        "minecraft:spell_effects": {
          "add_effects": []
        }
      },
      "t:stonedagger": {
        "minecraft:health": {
          "value": 20,
          "max": 20
        },
        "minecraft:movement": {
          "value": 0.1
        },
        "minecraft:spell_effects": {
          "add_effects": []
        }
      },
      "t:irondagger": {
        "minecraft:health": {
          "value": 20,
          "max": 20
        },
        "minecraft:movement": {
          "value": 0.1
        },
        "minecraft:spell_effects": {
          "add_effects": []
        }
      },
      "t:golddagger": {
        "minecraft:health": {
          "value": 20,
          "max": 20
        },
        "minecraft:movement": {
          "value": 0.1
        },
        "minecraft:spell_effects": {
          "add_effects": []
        }
      },
      "t:hammer": {
        "minecraft:health": {
          "value": 20,
          "max": 20
        },
        "minecraft:movement": {
          "value": 0.1
        },
        "minecraft:spell_effects": {
          "add_effects": []
        }
      },
      "t:combatknife": {
        "minecraft:health": {
          "value": 20,
          "max": 20
        },
        "minecraft:movement": {
          "value": 0.1
        },
        "minecraft:spell_effects": {
          "add_effects": []
        }
      },
      "t:woodswordlvl2": {
        "minecraft:health": {
          "value": 20,
          "max": 20
        },
        "minecraft:movement": {
          "value": 0.1
        },
        "minecraft:spell_effects": {
          "add_effects": []
        }
      },
      "t:woodswordlvl3": {
        "minecraft:health": {
          "value": 20,
          "max": 20
        },
        "minecraft:movement": {
          "value": 0.1
        },
        "minecraft:spell_effects": {
          "add_effects": []
        }
      },
      "t:diamondswordlvl2": {
        "minecraft:health": {
          "value": 20,
          "max": 20
        },
        "minecraft:movement": {
          "value": 0.1
        },
        "minecraft:spell_effects": {
          "add_effects": []
        }
      },
      "t:diamondswordlvl3": {
        "minecraft:health": {
          "value": 20,
          "max": 20
        },
        "minecraft:movement": {
          "value": 0.1
        },
        "minecraft:spell_effects": {
          "add_effects": []
        }
      },
      "t:stoneswordlvl2": {
        "minecraft:health": {
          "value": 20,
          "max": 20
        },
        "minecraft:movement": {
          "value": 0.1
        },
        "minecraft:spell_effects": {
          "add_effects": []
        }
      },
      "t:stoneswordlvl3": {
        "minecraft:health": {
          "value": 20,
          "max": 20
        },
        "minecraft:movement": {
          "value": 0.1
        },
        "minecraft:spell_effects": {
          "add_effects": []
        }
      },
      "t:ironswordlvl2": {
        "minecraft:health": {
          "value": 20,
          "max": 20
        },
        "minecraft:movement": {
          "value": 0.1
        },
        "minecraft:spell_effects": {
          "add_effects": []
        }
      },
      "t:ironswordlvl3": {
        "minecraft:health": {
          "value": 20,
          "max": 20
        },
        "minecraft:movement": {
          "value": 0.1
        },
        "minecraft:spell_effects": {
          "add_effects": []
        }
      },
      "t:goldswordlvl2": {
        "minecraft:health": {
          "value": 20,
          "max": 20
        },
        "minecraft:movement": {
          "value": 0.1
        },
        "minecraft:spell_effects": {
          "add_effects": []
        }
      },
      "t:goldswordlvl3": {
        "minecraft:health": {
          "value": 20,
          "max": 20
        },
        "minecraft:movement": {
          "value": 0.1
        },
        "minecraft:spell_effects": {
          "add_effects": []
        }
      },
      "t:redstonesword": {
        "minecraft:health": {
          "value": 20,
          "max": 20
        },
        "minecraft:movement": {
          "value": 0.1
        },
        "minecraft:spell_effects": {
          "add_effects": []
        }
      },
      "t:lapissword": {
        "minecraft:health": {
          "value": 20,
          "max": 20
        },
        "minecraft:movement": {
          "value": 0.1
        },
        "minecraft:spell_effects": {
          "add_effects": []
        }
      },
      "t:junglechestplate_event_play": {
        "minecraft:health": {
          "value": 20,
          "max": 20
        },
        "minecraft:movement": {
          "value": 0.1
        },
        "minecraft:spell_effects": {
          "add_effects": []
        }
      },
      "t:greycombathelmet_event_play": {
        "minecraft:health": {
          "value": 20,
          "max": 20
        },
        "minecraft:movement": {
          "value": 0.1
        },
        "minecraft:spell_effects": {
          "add_effects": []
        }
      },
      "t:greencombathelmet_event_play": {
        "minecraft:health": {
          "value": 20,
          "max": 20
        },
        "minecraft:movement": {
          "value": 0.1
        },
        "minecraft:spell_effects": {
          "add_effects": []
        }
      },
      "t:greyrangervest_event_play": {
        "minecraft:health": {
          "value": 20,
          "max": 20
        },
        "minecraft:movement": {
          "value": 0.1
        },
        "minecraft:spell_effects": {
          "add_effects": []
        }
      },
      "c:coldwintercap_event_play": {
        "minecraft:health": {
          "value": 20,
          "max": 20
        },
        "minecraft:movement": {
          "value": 0.1
        },
        "minecraft:spell_effects": {
          "add_effects": []
        }
      },
      "t:greyoxigenmask_event_play": {
        "minecraft:health": {
          "value": 20,
          "max": 20
        },
        "minecraft:movement": {
          "value": 0.1
        },
        "minecraft:spell_effects": {
          "add_effects": []
        }
      },
      "t:junglehelmet_event_play": {
        "minecraft:health": {
          "value": 20,
          "max": 20
        },
        "minecraft:movement": {
          "value": 0.1
        },
        "minecraft:spell_effects": {
          "add_effects": []
        }
      },
      "t:oxigenmask_event_play": {
        "minecraft:health": {
          "value": 20,
          "max": 20
        },
        "minecraft:movement": {
          "value": 0.1
        },
        "minecraft:spell_effects": {
          "add_effects": []
        }
      },
      "t:pilotjacket_event_play": {
        "minecraft:health": {
          "value": 20,
          "max": 20
        },
        "minecraft:movement": {
          "value": 0.1
        },
        "minecraft:spell_effects": {
          "add_effects": []
        }
      },
      "t:nativetunic_event_play": {
        "minecraft:health": {
          "value": 20,
          "max": 20
        },
        "minecraft:movement": {
          "value": 0.1
        },
        "minecraft:spell_effects": {
          "add_effects": []
        }
      },
      "t:rangervest_event_play": {
        "minecraft:health": {
          "value": 20,
          "max": 20
        },
        "minecraft:movement": {
          "value": 0.1
        },
        "minecraft:spell_effects": {
          "add_effects": []
        }
      },
      "t:greenhighboots_event_play": {
        "minecraft:health": {
          "value": 20,
          "max": 20
        },
        "minecraft:movement": {
          "value": 0.1
        },
        "minecraft:spell_effects": {
          "add_effects": []
        }
      },
      "t:greenoxigenmask_event_play": {
        "minecraft:health": {
          "value": 20,
          "max": 20
        },
        "minecraft:movement": {
          "value": 0.1
        },
        "minecraft:spell_effects": {
          "add_effects": []
        }
      },
      "t:highboots_event_play": {
        "minecraft:health": {
          "value": 20,
          "max": 20
        },
        "minecraft:movement": {
          "value": 0.1
        },
        "minecraft:spell_effects": {
          "add_effects": []
        }
      },
      "t:greycoldwintercap_event_play": {
        "minecraft:health": {
          "value": 20,
          "max": 20
        },
        "minecraft:movement": {
          "value": 0.1
        },
        "minecraft:spell_effects": {
          "add_effects": []
        }
      },
      "t:greyhighboots_event_play": {
        "minecraft:health": {
          "value": 20,
          "max": 20
        },
        "minecraft:movement": {
          "value": 0.1
        },
        "minecraft:spell_effects": {
          "add_effects": []
        }
      },
      "t:nativeboots_event_play": {
        "minecraft:health": {
          "value": 20,
          "max": 20
        },
        "minecraft:movement": {
          "value": 0.1
        },
        "minecraft:spell_effects": {
          "add_effects": []
        }
      },
      "t:lapischestplate_event_play": {
        "minecraft:health": {
          "value": 20,
          "max": 20
        },
        "minecraft:movement": {
          "value": 0.1
        },
        "minecraft:spell_effects": {
          "add_effects": []
        }
      },
      "t:infectionboots_event_play": {
        "minecraft:health": {
          "value": 20,
          "max": 20
        },
        "minecraft:movement": {
          "value": 0.1
        },
        "minecraft:spell_effects": {
          "add_effects": []
        }
      },
      "t:headband_event_play": {
        "minecraft:health": {
          "value": 20,
          "max": 20
        },
        "minecraft:movement": {
          "value": 0.1
        },
        "minecraft:spell_effects": {
          "add_effects": []
        }
      },
      "t:greywildleggins_event_play": {
        "minecraft:health": {
          "value": 20,
          "max": 20
        },
        "minecraft:movement": {
          "value": 0.1
        },
        "minecraft:spell_effects": {
          "add_effects": []
        }
      },
      "t:wildleggins_event_play": {
        "minecraft:health": {
          "value": 20,
          "max": 20
        },
        "minecraft:movement": {
          "value": 0.1
        },
        "minecraft:spell_effects": {
          "add_effects": []
        }
      },
      "t:greenwildleggins_event_play": {
        "minecraft:health": {
          "value": 20,
          "max": 20
        },
        "minecraft:movement": {
          "value": 0.1
        },
        "minecraft:spell_effects": {
          "add_effects": []
        }
      },
      "t:nativeleggins_event_play": {
        "minecraft:health": {
          "value": 20,
          "max": 20
        },
        "minecraft:movement": {
          "value": 0.1
        },
        "minecraft:spell_effects": {
          "add_effects": []
        }
      },
      "t:stridermask_event_play": {
        "minecraft:health": {
          "value": 20,
          "max": 20
        },
        "minecraft:movement": {
          "value": 0.1
        },
        "minecraft:spell_effects": {
          "add_effects": [
            {
              "effect": "fire_resistance",
              "duration": 60000,
              "amplifier": 1,
              "display_on_screen_animation": false
            }
          ]
        }
      },
      "t:paperwings_event_play": {
        "minecraft:health": {
          "value": 20,
          "max": 20
        },
        "minecraft:movement": {
          "value": 0.1
        },
        "minecraft:spell_effects": {
          "add_effects": [
            {
              "effect": "slow_falling",
              "duration": 60000,
              "amplifier": 1,
              "display_on_screen_animation": false
            }
          ]
        }
      },
      "t:rocketboots_event_play": {
        "minecraft:health": {
          "value": 20,
          "max": 20
        },
        "minecraft:movement": {
          "value": 0.1
        },
        "minecraft:spell_effects": {
          "add_effects": [
            {
              "effect": "jump_boost",
              "duration": 60000,
              "amplifier": 3,
              "display_on_screen_animation": false
            }
          ]
        }
      },
      "t:infectionjacket_event_play": {
        "minecraft:health": {
          "value": 20,
          "max": 20
        },
        "minecraft:movement": {
          "value": 0.1
        },
        "minecraft:spell_effects": {
          "add_effects": []
        }
      },
      "t:eyeband_event_play": {
        "minecraft:health": {
          "value": 20,
          "max": 20
        },
        "minecraft:movement": {
          "value": 0.1
        },
        "minecraft:spell_effects": {
          "add_effects": [
            {
              "effect": "blindness",
              "duration": 60000,
              "amplifier": 3,
              "display_on_screen_animation": false
            }
          ]
        }
      },
      "t:wings_event_play": {
        "minecraft:health": {
          "value": 20,
          "max": 20
        },
        "minecraft:movement": {
          "value": 0.1
        },
        "minecraft:spell_effects": {
          "add_effects": [
            {
              "effect": "slow_falling",
              "duration": 60000,
              "amplifier": 1,
              "display_on_screen_animation": false
            }
          ]
        }
      },
      "t:fishglass_event_play": {
        "minecraft:health": {
          "value": 20,
          "max": 20
        },
        "minecraft:movement": {
          "value": 0.1
        },
        "minecraft:spell_effects": {
          "add_effects": [
            {
              "effect": "water_breathing",
              "duration": 60000,
              "amplifier": 1,
              "display_on_screen_animation": false
            }
          ]
        }
      },
      "t:infectionhelmet_event_play": {
        "minecraft:health": {
          "value": 20,
          "max": 20
        },
        "minecraft:movement": {
          "value": 0.1
        },
        "minecraft:spell_effects": {
          "add_effects": []
        }
      },
      "t:oxigenmaskmk2_event_play": {
        "minecraft:health": {
          "value": 20,
          "max": 20
        },
        "minecraft:movement": {
          "value": 0.1
        },
        "minecraft:spell_effects": {
          "add_effects": []
        }
      },
      "t:redstonehelmet_event_play": {
        "minecraft:health": {
          "value": 20,
          "max": 20
        },
        "minecraft:movement": {
          "value": 0.1
        },
        "minecraft:spell_effects": {
          "add_effects": []
        }
      },
      "t:redstoneboots_event_play": {
        "minecraft:health": {
          "value": 20,
          "max": 20
        },
        "minecraft:movement": {
          "value": 0.1
        },
        "minecraft:spell_effects": {
          "add_effects": []
        }
      },
      "t:lapishelmet_event_play": {
        "minecraft:health": {
          "value": 20,
          "max": 20
        },
        "minecraft:movement": {
          "value": 0.1
        },
        "minecraft:spell_effects": {
          "add_effects": []
        }
      },
      "t:redstonechestplate_event_play": {
        "minecraft:health": {
          "value": 20,
          "max": 20
        },
        "minecraft:movement": {
          "value": 0.1
        },
        "minecraft:spell_effects": {
          "add_effects": []
        }
      },
      "t:lapisboots_event_play": {
        "minecraft:health": {
          "value": 20,
          "max": 20
        },
        "minecraft:movement": {
          "value": 0.1
        },
        "minecraft:spell_effects": {
          "add_effects": []
        }
      },
      "t:redstoneleggins_event_play": {
        "minecraft:health": {
          "value": 20,
          "max": 20
        },
        "minecraft:movement": {
          "value": 0.1
        },
        "minecraft:spell_effects": {
          "add_effects": []
        }
      },
      "t:lapisleggins_event_play": {
        "minecraft:health": {
          "value": 20,
          "max": 20
        },
        "minecraft:movement": {
          "value": 0.1
        },
        "minecraft:spell_effects": {
          "add_effects": []
        }
      },
      "t:infectionleggins_event_play": {
        "minecraft:health": {
          "value": 20,
          "max": 20
        },
        "minecraft:movement": {
          "value": 0.1
        },
        "minecraft:spell_effects": {
          "add_effects": []
        }
      }
    },
    "components": {
      "minecraft:type_family": {
        "family": [
          "player"
        ]
      },
      "minecraft:loot": {
        "table": "loot_tables/empty.json"
      },
      "minecraft:collision_box": {
        "width": 0.6,
        "height": 1.8
      },
      "minecraft:can_climb": {},
      "minecraft:movement": {
        "value": 0.1
      },
      "minecraft:environment_sensor": [
        {
          "on_environment": {
            "filters": {
              "any_of": [
                {
                  "test": "is_family",
                  "subject": "self",
                  "value": "player"
                }
              ]
            },
            "event": "pamobile:refresh_player"
          }
        },
        {
          "on_environment": {
            "filters": {
              "all_of": [
                {
                  "test": "has_equipment",
                  "subject": "self",
                  "domain": "hand",
                  "value": "t:sharpstick"
                }
              ]
            },
            "event": "t:sharpstick_event"
          }
        },
        {
          "on_environment": {
            "filters": {
              "all_of": [
                {
                  "test": "has_equipment",
                  "subject": "self",
                  "domain": "hand",
                  "value": "t:wooddagger"
                }
              ]
            },
            "event": "t:wooddagger_event"
          }
        },
        {
          "on_environment": {
            "filters": {
              "all_of": [
                {
                  "test": "has_equipment",
                  "subject": "self",
                  "domain": "hand",
                  "value": "t:diamonddagger"
                }
              ]
            },
            "event": "t:diamonddagger_event"
          }
        },
        {
          "on_environment": {
            "filters": {
              "all_of": [
                {
                  "test": "has_equipment",
                  "subject": "self",
                  "domain": "hand",
                  "value": "t:stonedagger"
                }
              ]
            },
            "event": "t:stonedagger_event"
          }
        },
        {
          "on_environment": {
            "filters": {
              "all_of": [
                {
                  "test": "has_equipment",
                  "subject": "self",
                  "domain": "hand",
                  "value": "t:irondagger"
                }
              ]
            },
            "event": "t:irondagger_event"
          }
        },
        {
          "on_environment": {
            "filters": {
              "all_of": [
                {
                  "test": "has_equipment",
                  "subject": "self",
                  "domain": "hand",
                  "value": "t:golddagger"
                }
              ]
            },
            "event": "t:golddagger_event"
          }
        },
        {
          "on_environment": {
            "filters": {
              "all_of": [
                {
                  "test": "has_equipment",
                  "subject": "self",
                  "domain": "hand",
                  "value": "t:hammer"
                }
              ]
            },
            "event": "t:hammer_event"
          }
        },
        {
          "on_environment": {
            "filters": {
              "all_of": [
                {
                  "test": "has_equipment",
                  "subject": "self",
                  "domain": "hand",
                  "value": "t:combatknife"
                }
              ]
            },
            "event": "t:combatknife_event"
          }
        },
        {
          "on_environment": {
            "filters": {
              "all_of": [
                {
                  "test": "has_equipment",
                  "subject": "self",
                  "domain": "hand",
                  "value": "t:woodswordlvl2"
                }
              ]
            },
            "event": "t:woodswordlvl2_event"
          }
        },
        {
          "on_environment": {
            "filters": {
              "all_of": [
                {
                  "test": "has_equipment",
                  "subject": "self",
                  "domain": "hand",
                  "value": "t:woodswordlvl3"
                }
              ]
            },
            "event": "t:woodswordlvl3_event"
          }
        },
        {
          "on_environment": {
            "filters": {
              "all_of": [
                {
                  "test": "has_equipment",
                  "subject": "self",
                  "domain": "hand",
                  "value": "t:diamondswordlvl2"
                }
              ]
            },
            "event": "t:diamondswordlvl2_event"
          }
        },
        {
          "on_environment": {
            "filters": {
              "all_of": [
                {
                  "test": "has_equipment",
                  "subject": "self",
                  "domain": "hand",
                  "value": "t:diamondswordlvl3"
                }
              ]
            },
            "event": "t:diamondswordlvl3_event"
          }
        },
        {
          "on_environment": {
            "filters": {
              "all_of": [
                {
                  "test": "has_equipment",
                  "subject": "self",
                  "domain": "hand",
                  "value": "t:stoneswordlvl2"
                }
              ]
            },
            "event": "t:stoneswordlvl2_event"
          }
        },
        {
          "on_environment": {
            "filters": {
              "all_of": [
                {
                  "test": "has_equipment",
                  "subject": "self",
                  "domain": "hand",
                  "value": "t:stoneswordlvl3"
                }
              ]
            },
            "event": "t:stoneswordlvl3_event"
          }
        },
        {
          "on_environment": {
            "filters": {
              "all_of": [
                {
                  "test": "has_equipment",
                  "subject": "self",
                  "domain": "hand",
                  "value": "t:ironswordlvl2"
                }
              ]
            },
            "event": "t:ironswordlvl2_event"
          }
        },
        {
          "on_environment": {
            "filters": {
              "all_of": [
                {
                  "test": "has_equipment",
                  "subject": "self",
                  "domain": "hand",
                  "value": "t:ironswordlvl3"
                }
              ]
            },
            "event": "t:ironswordlvl3_event"
          }
        },
        {
          "on_environment": {
            "filters": {
              "all_of": [
                {
                  "test": "has_equipment",
                  "subject": "self",
                  "domain": "hand",
                  "value": "t:goldswordlvl2"
                }
              ]
            },
            "event": "t:goldswordlvl2_event"
          }
        },
        {
          "on_environment": {
            "filters": {
              "all_of": [
                {
                  "test": "has_equipment",
                  "subject": "self",
                  "domain": "hand",
                  "value": "t:goldswordlvl3"
                }
              ]
            },
            "event": "t:goldswordlvl3_event"
          }
        },
        {
          "on_environment": {
            "filters": {
              "all_of": [
                {
                  "test": "has_equipment",
                  "subject": "self",
                  "domain": "hand",
                  "value": "t:redstonesword"
                }
              ]
            },
            "event": "t:redstonesword_event"
          }
        },
        {
          "on_environment": {
            "filters": {
              "all_of": [
                {
                  "test": "has_equipment",
                  "subject": "self",
                  "domain": "hand",
                  "value": "t:lapissword"
                }
              ]
            },
            "event": "t:lapissword_event"
          }
        },
        {
          "on_environment": {
            "filters": {
              "all_of": [
                {
                  "test": "has_equipment",
                  "subject": "self",
                  "domain": "hand",
                  "value": "t:junglechestplate"
                }
              ]
            },
            "event": "t:junglechestplate_event_hold"
          }
        },
        {
          "on_environment": {
            "filters": {
              "all_of": [
                {
                  "test": "has_equipment",
                  "subject": "self",
                  "domain": "head",
                  "value": "t:junglechestplate"
                }
              ]
            },
            "event": "t:junglechestplate_event_play"
          }
        },
        {
          "on_environment": {
            "filters": {
              "all_of": [
                {
                  "test": "has_equipment",
                  "subject": "self",
                  "domain": "hand",
                  "value": "t:greycombathelmet"
                }
              ]
            },
            "event": "t:greycombathelmet_event_hold"
          }
        },
        {
          "on_environment": {
            "filters": {
              "all_of": [
                {
                  "test": "has_equipment",
                  "subject": "self",
                  "domain": "head",
                  "value": "t:greycombathelmet"
                }
              ]
            },
            "event": "t:greycombathelmet_event_play"
          }
        },
        {
          "on_environment": {
            "filters": {
              "all_of": [
                {
                  "test": "has_equipment",
                  "subject": "self",
                  "domain": "hand",
                  "value": "t:greencombathelmet"
                }
              ]
            },
            "event": "t:greencombathelmet_event_hold"
          }
        },
        {
          "on_environment": {
            "filters": {
              "all_of": [
                {
                  "test": "has_equipment",
                  "subject": "self",
                  "domain": "head",
                  "value": "t:greencombathelmet"
                }
              ]
            },
            "event": "t:greencombathelmet_event_play"
          }
        },
        {
          "on_environment": {
            "filters": {
              "all_of": [
                {
                  "test": "has_equipment",
                  "subject": "self",
                  "domain": "hand",
                  "value": "t:greyrangervest"
                }
              ]
            },
            "event": "t:greyrangervest_event_hold"
          }
        },
        {
          "on_environment": {
            "filters": {
              "all_of": [
                {
                  "test": "has_equipment",
                  "subject": "self",
                  "domain": "head",
                  "value": "t:greyrangervest"
                }
              ]
            },
            "event": "t:greyrangervest_event_play"
          }
        },
        {
          "on_environment": {
            "filters": {
              "all_of": [
                {
                  "test": "has_equipment",
                  "subject": "self",
                  "domain": "hand",
                  "value": "c:coldwintercap"
                }
              ]
            },
            "event": "c:coldwintercap_event_hold"
          }
        },
        {
          "on_environment": {
            "filters": {
              "all_of": [
                {
                  "test": "has_equipment",
                  "subject": "self",
                  "domain": "head",
                  "value": "c:coldwintercap"
                }
              ]
            },
            "event": "c:coldwintercap_event_play"
          }
        },
        {
          "on_environment": {
            "filters": {
              "all_of": [
                {
                  "test": "has_equipment",
                  "subject": "self",
                  "domain": "hand",
                  "value": "t:greyoxigenmask"
                }
              ]
            },
            "event": "t:greyoxigenmask_event_hold"
          }
        },
        {
          "on_environment": {
            "filters": {
              "all_of": [
                {
                  "test": "has_equipment",
                  "subject": "self",
                  "domain": "head",
                  "value": "t:greyoxigenmask"
                }
              ]
            },
            "event": "t:greyoxigenmask_event_play"
          }
        },
        {
          "on_environment": {
            "filters": {
              "all_of": [
                {
                  "test": "has_equipment",
                  "subject": "self",
                  "domain": "hand",
                  "value": "t:junglehelmet"
                }
              ]
            },
            "event": "t:junglehelmet_event_hold"
          }
        },
        {
          "on_environment": {
            "filters": {
              "all_of": [
                {
                  "test": "has_equipment",
                  "subject": "self",
                  "domain": "head",
                  "value": "t:junglehelmet"
                }
              ]
            },
            "event": "t:junglehelmet_event_play"
          }
        },
        {
          "on_environment": {
            "filters": {
              "all_of": [
                {
                  "test": "has_equipment",
                  "subject": "self",
                  "domain": "hand",
                  "value": "t:oxigenmask"
                }
              ]
            },
            "event": "t:oxigenmask_event_hold"
          }
        },
        {
          "on_environment": {
            "filters": {
              "all_of": [
                {
                  "test": "has_equipment",
                  "subject": "self",
                  "domain": "head",
                  "value": "t:oxigenmask"
                }
              ]
            },
            "event": "t:oxigenmask_event_play"
          }
        },
        {
          "on_environment": {
            "filters": {
              "all_of": [
                {
                  "test": "has_equipment",
                  "subject": "self",
                  "domain": "hand",
                  "value": "t:pilotjacket"
                }
              ]
            },
            "event": "t:pilotjacket_event_hold"
          }
        },
        {
          "on_environment": {
            "filters": {
              "all_of": [
                {
                  "test": "has_equipment",
                  "subject": "self",
                  "domain": "head",
                  "value": "t:pilotjacket"
                }
              ]
            },
            "event": "t:pilotjacket_event_play"
          }
        },
        {
          "on_environment": {
            "filters": {
              "all_of": [
                {
                  "test": "has_equipment",
                  "subject": "self",
                  "domain": "hand",
                  "value": "t:nativetunic"
                }
              ]
            },
            "event": "t:nativetunic_event_hold"
          }
        },
        {
          "on_environment": {
            "filters": {
              "all_of": [
                {
                  "test": "has_equipment",
                  "subject": "self",
                  "domain": "head",
                  "value": "t:nativetunic"
                }
              ]
            },
            "event": "t:nativetunic_event_play"
          }
        },
        {
          "on_environment": {
            "filters": {
              "all_of": [
                {
                  "test": "has_equipment",
                  "subject": "self",
                  "domain": "hand",
                  "value": "t:rangervest"
                }
              ]
            },
            "event": "t:rangervest_event_hold"
          }
        },
        {
          "on_environment": {
            "filters": {
              "all_of": [
                {
                  "test": "has_equipment",
                  "subject": "self",
                  "domain": "head",
                  "value": "t:rangervest"
                }
              ]
            },
            "event": "t:rangervest_event_play"
          }
        },
        {
          "on_environment": {
            "filters": {
              "all_of": [
                {
                  "test": "has_equipment",
                  "subject": "self",
                  "domain": "hand",
                  "value": "t:greenhighboots"
                }
              ]
            },
            "event": "t:greenhighboots_event_hold"
          }
        },
        {
          "on_environment": {
            "filters": {
              "all_of": [
                {
                  "test": "has_equipment",
                  "subject": "self",
                  "domain": "head",
                  "value": "t:greenhighboots"
                }
              ]
            },
            "event": "t:greenhighboots_event_play"
          }
        },
        {
          "on_environment": {
            "filters": {
              "all_of": [
                {
                  "test": "has_equipment",
                  "subject": "self",
                  "domain": "hand",
                  "value": "t:greenoxigenmask"
                }
              ]
            },
            "event": "t:greenoxigenmask_event_hold"
          }
        },
        {
          "on_environment": {
            "filters": {
              "all_of": [
                {
                  "test": "has_equipment",
                  "subject": "self",
                  "domain": "head",
                  "value": "t:greenoxigenmask"
                }
              ]
            },
            "event": "t:greenoxigenmask_event_play"
          }
        },
        {
          "on_environment": {
            "filters": {
              "all_of": [
                {
                  "test": "has_equipment",
                  "subject": "self",
                  "domain": "hand",
                  "value": "t:highboots"
                }
              ]
            },
            "event": "t:highboots_event_hold"
          }
        },
        {
          "on_environment": {
            "filters": {
              "all_of": [
                {
                  "test": "has_equipment",
                  "subject": "self",
                  "domain": "head",
                  "value": "t:highboots"
                }
              ]
            },
            "event": "t:highboots_event_play"
          }
        },
        {
          "on_environment": {
            "filters": {
              "all_of": [
                {
                  "test": "has_equipment",
                  "subject": "self",
                  "domain": "hand",
                  "value": "t:greycoldwintercap"
                }
              ]
            },
            "event": "t:greycoldwintercap_event_hold"
          }
        },
        {
          "on_environment": {
            "filters": {
              "all_of": [
                {
                  "test": "has_equipment",
                  "subject": "self",
                  "domain": "head",
                  "value": "t:greycoldwintercap"
                }
              ]
            },
            "event": "t:greycoldwintercap_event_play"
          }
        },
        {
          "on_environment": {
            "filters": {
              "all_of": [
                {
                  "test": "has_equipment",
                  "subject": "self",
                  "domain": "hand",
                  "value": "t:greyhighboots"
                }
              ]
            },
            "event": "t:greyhighboots_event_hold"
          }
        },
        {
          "on_environment": {
            "filters": {
              "all_of": [
                {
                  "test": "has_equipment",
                  "subject": "self",
                  "domain": "head",
                  "value": "t:greyhighboots"
                }
              ]
            },
            "event": "t:greyhighboots_event_play"
          }
        },
        {
          "on_environment": {
            "filters": {
              "all_of": [
                {
                  "test": "has_equipment",
                  "subject": "self",
                  "domain": "hand",
                  "value": "t:nativeboots"
                }
              ]
            },
            "event": "t:nativeboots_event_hold"
          }
        },
        {
          "on_environment": {
            "filters": {
              "all_of": [
                {
                  "test": "has_equipment",
                  "subject": "self",
                  "domain": "head",
                  "value": "t:nativeboots"
                }
              ]
            },
            "event": "t:nativeboots_event_play"
          }
        },
        {
          "on_environment": {
            "filters": {
              "all_of": [
                {
                  "test": "has_equipment",
                  "subject": "self",
                  "domain": "hand",
                  "value": "t:lapischestplate"
                }
              ]
            },
            "event": "t:lapischestplate_event_hold"
          }
        },
        {
          "on_environment": {
            "filters": {
              "all_of": [
                {
                  "test": "has_equipment",
                  "subject": "self",
                  "domain": "head",
                  "value": "t:lapischestplate"
                }
              ]
            },
            "event": "t:lapischestplate_event_play"
          }
        },
        {
          "on_environment": {
            "filters": {
              "all_of": [
                {
                  "test": "has_equipment",
                  "subject": "self",
                  "domain": "hand",
                  "value": "t:infectionboots"
                }
              ]
            },
            "event": "t:infectionboots_event_hold"
          }
        },
        {
          "on_environment": {
            "filters": {
              "all_of": [
                {
                  "test": "has_equipment",
                  "subject": "self",
                  "domain": "head",
                  "value": "t:infectionboots"
                }
              ]
            },
            "event": "t:infectionboots_event_play"
          }
        },
        {
          "on_environment": {
            "filters": {
              "all_of": [
                {
                  "test": "has_equipment",
                  "subject": "self",
                  "domain": "hand",
                  "value": "t:headband"
                }
              ]
            },
            "event": "t:headband_event_hold"
          }
        },
        {
          "on_environment": {
            "filters": {
              "all_of": [
                {
                  "test": "has_equipment",
                  "subject": "self",
                  "domain": "head",
                  "value": "t:headband"
                }
              ]
            },
            "event": "t:headband_event_play"
          }
        },
        {
          "on_environment": {
            "filters": {
              "all_of": [
                {
                  "test": "has_equipment",
                  "subject": "self",
                  "domain": "hand",
                  "value": "t:greywildleggins"
                }
              ]
            },
            "event": "t:greywildleggins_event_hold"
          }
        },
        {
          "on_environment": {
            "filters": {
              "all_of": [
                {
                  "test": "has_equipment",
                  "subject": "self",
                  "domain": "head",
                  "value": "t:greywildleggins"
                }
              ]
            },
            "event": "t:greywildleggins_event_play"
          }
        },
        {
          "on_environment": {
            "filters": {
              "all_of": [
                {
                  "test": "has_equipment",
                  "subject": "self",
                  "domain": "hand",
                  "value": "t:wildleggins"
                }
              ]
            },
            "event": "t:wildleggins_event_hold"
          }
        },
        {
          "on_environment": {
            "filters": {
              "all_of": [
                {
                  "test": "has_equipment",
                  "subject": "self",
                  "domain": "head",
                  "value": "t:wildleggins"
                }
              ]
            },
            "event": "t:wildleggins_event_play"
          }
        },
        {
          "on_environment": {
            "filters": {
              "all_of": [
                {
                  "test": "has_equipment",
                  "subject": "self",
                  "domain": "hand",
                  "value": "t:greenwildleggins"
                }
              ]
            },
            "event": "t:greenwildleggins_event_hold"
          }
        },
        {
          "on_environment": {
            "filters": {
              "all_of": [
                {
                  "test": "has_equipment",
                  "subject": "self",
                  "domain": "head",
                  "value": "t:greenwildleggins"
                }
              ]
            },
            "event": "t:greenwildleggins_event_play"
          }
        },
        {
          "on_environment": {
            "filters": {
              "all_of": [
                {
                  "test": "has_equipment",
                  "subject": "self",
                  "domain": "hand",
                  "value": "t:nativeleggins"
                }
              ]
            },
            "event": "t:nativeleggins_event_hold"
          }
        },
        {
          "on_environment": {
            "filters": {
              "all_of": [
                {
                  "test": "has_equipment",
                  "subject": "self",
                  "domain": "head",
                  "value": "t:nativeleggins"
                }
              ]
            },
            "event": "t:nativeleggins_event_play"
          }
        },
        {
          "on_environment": {
            "filters": {
              "all_of": [
                {
                  "test": "has_equipment",
                  "subject": "self",
                  "domain": "hand",
                  "value": "t:stridermask"
                }
              ]
            },
            "event": "t:stridermask_event_hold"
          }
        },
        {
          "on_environment": {
            "filters": {
              "all_of": [
                {
                  "test": "has_equipment",
                  "subject": "self",
                  "domain": "head",
                  "value": "t:stridermask"
                }
              ]
            },
            "event": "t:stridermask_event_play"
          }
        },
        {
          "on_environment": {
            "filters": {
              "all_of": [
                {
                  "test": "has_equipment",
                  "subject": "self",
                  "domain": "hand",
                  "value": "t:paperwings"
                }
              ]
            },
            "event": "t:paperwings_event_hold"
          }
        },
        {
          "on_environment": {
            "filters": {
              "all_of": [
                {
                  "test": "has_equipment",
                  "subject": "self",
                  "domain": "head",
                  "value": "t:paperwings"
                }
              ]
            },
            "event": "t:paperwings_event_play"
          }
        },
        {
          "on_environment": {
            "filters": {
              "all_of": [
                {
                  "test": "has_equipment",
                  "subject": "self",
                  "domain": "hand",
                  "value": "t:rocketboots"
                }
              ]
            },
            "event": "t:rocketboots_event_hold"
          }
        },
        {
          "on_environment": {
            "filters": {
              "all_of": [
                {
                  "test": "has_equipment",
                  "subject": "self",
                  "domain": "head",
                  "value": "t:rocketboots"
                }
              ]
            },
            "event": "t:rocketboots_event_play"
          }
        },
        {
          "on_environment": {
            "filters": {
              "all_of": [
                {
                  "test": "has_equipment",
                  "subject": "self",
                  "domain": "hand",
                  "value": "t:infectionjacket"
                }
              ]
            },
            "event": "t:infectionjacket_event_hold"
          }
        },
        {
          "on_environment": {
            "filters": {
              "all_of": [
                {
                  "test": "has_equipment",
                  "subject": "self",
                  "domain": "head",
                  "value": "t:infectionjacket"
                }
              ]
            },
            "event": "t:infectionjacket_event_play"
          }
        },
        {
          "on_environment": {
            "filters": {
              "all_of": [
                {
                  "test": "has_equipment",
                  "subject": "self",
                  "domain": "hand",
                  "value": "t:eyeband"
                }
              ]
            },
            "event": "t:eyeband_event_hold"
          }
        },
        {
          "on_environment": {
            "filters": {
              "all_of": [
                {
                  "test": "has_equipment",
                  "subject": "self",
                  "domain": "head",
                  "value": "t:eyeband"
                }
              ]
            },
            "event": "t:eyeband_event_play"
          }
        },
        {
          "on_environment": {
            "filters": {
              "all_of": [
                {
                  "test": "has_equipment",
                  "subject": "self",
                  "domain": "hand",
                  "value": "t:wings"
                }
              ]
            },
            "event": "t:wings_event_hold"
          }
        },
        {
          "on_environment": {
            "filters": {
              "all_of": [
                {
                  "test": "has_equipment",
                  "subject": "self",
                  "domain": "head",
                  "value": "t:wings"
                }
              ]
            },
            "event": "t:wings_event_play"
          }
        },
        {
          "on_environment": {
            "filters": {
              "all_of": [
                {
                  "test": "has_equipment",
                  "subject": "self",
                  "domain": "hand",
                  "value": "t:fishglass"
                }
              ]
            },
            "event": "t:fishglass_event_hold"
          }
        },
        {
          "on_environment": {
            "filters": {
              "all_of": [
                {
                  "test": "has_equipment",
                  "subject": "self",
                  "domain": "head",
                  "value": "t:fishglass"
                }
              ]
            },
            "event": "t:fishglass_event_play"
          }
        },
        {
          "on_environment": {
            "filters": {
              "all_of": [
                {
                  "test": "has_equipment",
                  "subject": "self",
                  "domain": "hand",
                  "value": "t:infectionhelmet"
                }
              ]
            },
            "event": "t:infectionhelmet_event_hold"
          }
        },
        {
          "on_environment": {
            "filters": {
              "all_of": [
                {
                  "test": "has_equipment",
                  "subject": "self",
                  "domain": "head",
                  "value": "t:infectionhelmet"
                }
              ]
            },
            "event": "t:infectionhelmet_event_play"
          }
        },
        {
          "on_environment": {
            "filters": {
              "all_of": [
                {
                  "test": "has_equipment",
                  "subject": "self",
                  "domain": "hand",
                  "value": "t:oxigenmaskmk2"
                }
              ]
            },
            "event": "t:oxigenmaskmk2_event_hold"
          }
        },
        {
          "on_environment": {
            "filters": {
              "all_of": [
                {
                  "test": "has_equipment",
                  "subject": "self",
                  "domain": "head",
                  "value": "t:oxigenmaskmk2"
                }
              ]
            },
            "event": "t:oxigenmaskmk2_event_play"
          }
        },
        {
          "on_environment": {
            "filters": {
              "all_of": [
                {
                  "test": "has_equipment",
                  "subject": "self",
                  "domain": "hand",
                  "value": "t:redstonehelmet"
                }
              ]
            },
            "event": "t:redstonehelmet_event_hold"
          }
        },
        {
          "on_environment": {
            "filters": {
              "all_of": [
                {
                  "test": "has_equipment",
                  "subject": "self",
                  "domain": "head",
                  "value": "t:redstonehelmet"
                }
              ]
            },
            "event": "t:redstonehelmet_event_play"
          }
        },
        {
          "on_environment": {
            "filters": {
              "all_of": [
                {
                  "test": "has_equipment",
                  "subject": "self",
                  "domain": "hand",
                  "value": "t:redstoneboots"
                }
              ]
            },
            "event": "t:redstoneboots_event_hold"
          }
        },
        {
          "on_environment": {
            "filters": {
              "all_of": [
                {
                  "test": "has_equipment",
                  "subject": "self",
                  "domain": "head",
                  "value": "t:redstoneboots"
                }
              ]
            },
            "event": "t:redstoneboots_event_play"
          }
        },
        {
          "on_environment": {
            "filters": {
              "all_of": [
                {
                  "test": "has_equipment",
                  "subject": "self",
                  "domain": "hand",
                  "value": "t:lapishelmet"
                }
              ]
            },
            "event": "t:lapishelmet_event_hold"
          }
        },
        {
          "on_environment": {
            "filters": {
              "all_of": [
                {
                  "test": "has_equipment",
                  "subject": "self",
                  "domain": "head",
                  "value": "t:lapishelmet"
                }
              ]
            },
            "event": "t:lapishelmet_event_play"
          }
        },
        {
          "on_environment": {
            "filters": {
              "all_of": [
                {
                  "test": "has_equipment",
                  "subject": "self",
                  "domain": "hand",
                  "value": "t:redstonechestplate"
                }
              ]
            },
            "event": "t:redstonechestplate_event_hold"
          }
        },
        {
          "on_environment": {
            "filters": {
              "all_of": [
                {
                  "test": "has_equipment",
                  "subject": "self",
                  "domain": "head",
                  "value": "t:redstonechestplate"
                }
              ]
            },
            "event": "t:redstonechestplate_event_play"
          }
        },
        {
          "on_environment": {
            "filters": {
              "all_of": [
                {
                  "test": "has_equipment",
                  "subject": "self",
                  "domain": "hand",
                  "value": "t:lapisboots"
                }
              ]
            },
            "event": "t:lapisboots_event_hold"
          }
        },
        {
          "on_environment": {
            "filters": {
              "all_of": [
                {
                  "test": "has_equipment",
                  "subject": "self",
                  "domain": "head",
                  "value": "t:lapisboots"
                }
              ]
            },
            "event": "t:lapisboots_event_play"
          }
        },
        {
          "on_environment": {
            "filters": {
              "all_of": [
                {
                  "test": "has_equipment",
                  "subject": "self",
                  "domain": "hand",
                  "value": "t:redstoneleggins"
                }
              ]
            },
            "event": "t:redstoneleggins_event_hold"
          }
        },
        {
          "on_environment": {
            "filters": {
              "all_of": [
                {
                  "test": "has_equipment",
                  "subject": "self",
                  "domain": "head",
                  "value": "t:redstoneleggins"
                }
              ]
            },
            "event": "t:redstoneleggins_event_play"
          }
        },
        {
          "on_environment": {
            "filters": {
              "all_of": [
                {
                  "test": "has_equipment",
                  "subject": "self",
                  "domain": "hand",
                  "value": "t:lapisleggins"
                }
              ]
            },
            "event": "t:lapisleggins_event_hold"
          }
        },
        {
          "on_environment": {
            "filters": {
              "all_of": [
                {
                  "test": "has_equipment",
                  "subject": "self",
                  "domain": "head",
                  "value": "t:lapisleggins"
                }
              ]
            },
            "event": "t:lapisleggins_event_play"
          }
        },
        {
          "on_environment": {
            "filters": {
              "all_of": [
                {
                  "test": "has_equipment",
                  "subject": "self",
                  "domain": "hand",
                  "value": "t:infectionleggins"
                }
              ]
            },
            "event": "t:infectionleggins_event_hold"
          }
        },
        {
          "on_environment": {
            "filters": {
              "all_of": [
                {
                  "test": "has_equipment",
                  "subject": "self",
                  "domain": "head",
                  "value": "t:infectionleggins"
                }
              ]
            },
            "event": "t:infectionleggins_event_play"
          }
        }
      ],
      "minecraft:player.saturation": {
        "value": 20
      },
      "minecraft:player.exhaustion": {
        "value": 0,
        "max": 4
      },
      "minecraft:player.level": {
        "value": 0,
        "max": 24791
      },
      "minecraft:player.experience": {
        "value": 0,
        "max": 1
      },
      "minecraft:breathable": {
        "totalSupply": 15,
        "suffocateTime": -1,
        "inhaleTime": 3.75,
        "generatesBubbles": false
      },
      "minecraft:nameable": {
        "alwaysShow": true,
        "allowNameTagRenaming": false
      },
      "minecraft:physics": {},
      "minecraft:insomnia": {
        "days_until_insomnia": 3
      },
      "minecraft:rideable": {
        "seat_count": 2,
        "family_types": [
          "parrot_tame"
        ],
        "pull_in_entities": true,
        "seats": [
          {
            "position": [
              0.4,
              -0.15,
              0.04
            ],
            "min_rider_count": 0,
            "max_rider_count": 0,
            "lock_rider_rotation": 0
          },
          {
            "position": [
              -0.4,
              -0.15,
              0.04
            ],
            "min_rider_count": 1,
            "max_rider_count": 2,
            "lock_rider_rotation": 0
          }
        ]
      },
      "minecraft:scaffolding_climber": {}
    },
    "events": {
      "pamobile:refresh_player": {
        "add": {
          "component_groups": [
            "pamobile:respawn"
          ]
        },
        "remove": {
          "component_groups": [
            "t:sharpstick",
            "t:wooddagger",
            "t:diamonddagger",
            "t:stonedagger",
            "t:irondagger",
            "t:golddagger",
            "t:hammer",
            "t:combatknife",
            "t:woodswordlvl2",
            "t:woodswordlvl3",
            "t:diamondswordlvl2",
            "t:diamondswordlvl3",
            "t:stoneswordlvl2",
            "t:stoneswordlvl3",
            "t:ironswordlvl2",
            "t:ironswordlvl3",
            "t:goldswordlvl2",
            "t:goldswordlvl3",
            "t:redstonesword",
            "t:lapissword",
            "t:junglechestplate_event_hold",
            "t:junglechestplate_event_play",
            "t:greycombathelmet_event_hold",
            "t:greycombathelmet_event_play",
            "t:greencombathelmet_event_hold",
            "t:greencombathelmet_event_play",
            "t:greyrangervest_event_hold",
            "t:greyrangervest_event_play",
            "c:coldwintercap_event_hold",
            "c:coldwintercap_event_play",
            "t:greyoxigenmask_event_hold",
            "t:greyoxigenmask_event_play",
            "t:junglehelmet_event_hold",
            "t:junglehelmet_event_play",
            "t:oxigenmask_event_hold",
            "t:oxigenmask_event_play",
            "t:pilotjacket_event_hold",
            "t:pilotjacket_event_play",
            "t:nativetunic_event_hold",
            "t:nativetunic_event_play",
            "t:rangervest_event_hold",
            "t:rangervest_event_play",
            "t:greenhighboots_event_hold",
            "t:greenhighboots_event_play",
            "t:greenoxigenmask_event_hold",
            "t:greenoxigenmask_event_play",
            "t:highboots_event_hold",
            "t:highboots_event_play",
            "t:greycoldwintercap_event_hold",
            "t:greycoldwintercap_event_play",
            "t:greyhighboots_event_hold",
            "t:greyhighboots_event_play",
            "t:nativeboots_event_hold",
            "t:nativeboots_event_play",
            "t:lapischestplate_event_hold",
            "t:lapischestplate_event_play",
            "t:infectionboots_event_hold",
            "t:infectionboots_event_play",
            "t:headband_event_hold",
            "t:headband_event_play",
            "t:greywildleggins_event_hold",
            "t:greywildleggins_event_play",
            "t:wildleggins_event_hold",
            "t:wildleggins_event_play",
            "t:greenwildleggins_event_hold",
            "t:greenwildleggins_event_play",
            "t:nativeleggins_event_hold",
            "t:nativeleggins_event_play",
            "t:stridermask_event_hold",
            "t:stridermask_event_play",
            "t:paperwings_event_hold",
            "t:paperwings_event_play",
            "t:rocketboots_event_hold",
            "t:rocketboots_event_play",
            "t:infectionjacket_event_hold",
            "t:infectionjacket_event_play",
            "t:eyeband_event_hold",
            "t:eyeband_event_play",
            "t:wings_event_hold",
            "t:wings_event_play",
            "t:fishglass_event_hold",
            "t:fishglass_event_play",
            "t:infectionhelmet_event_hold",
            "t:infectionhelmet_event_play",
            "t:oxigenmaskmk2_event_hold",
            "t:oxigenmaskmk2_event_play",
            "t:redstonehelmet_event_hold",
            "t:redstonehelmet_event_play",
            "t:redstoneboots_event_hold",
            "t:redstoneboots_event_play",
            "t:lapishelmet_event_hold",
            "t:lapishelmet_event_play",
            "t:redstonechestplate_event_hold",
            "t:redstonechestplate_event_play",
            "t:lapisboots_event_hold",
            "t:lapisboots_event_play",
            "t:redstoneleggins_event_hold",
            "t:redstoneleggins_event_play",
            "t:lapisleggins_event_hold",
            "t:lapisleggins_event_play",
            "t:infectionleggins_event_hold",
            "t:infectionleggins_event_play"
          ]
        }
      },
      "minecraft:entity_spawned": {
        "add": {
          "component_groups": [
            "pamobile:respawn"
          ]
        },
        "remove": {}
      },
      "ammo:1": {
        "remove": {
          "component_groups": [
            "ammo:1"
          ]
        },
        "add": {
          "component_groups": [
            "ammo:1"
          ]
        }
      },
      "ammo:2": {
        "remove": {
          "component_groups": [
            "ammo:2"
          ]
        },
        "add": {
          "component_groups": [
            "ammo:2"
          ]
        }
      },
      "t:sharpstick_event": {
        "add": {
          "component_groups": [
            "t:sharpstick"
          ]
        }
      },
      "t:wooddagger_event": {
        "add": {
          "component_groups": [
            "t:wooddagger"
          ]
        }
      },
      "t:diamonddagger_event": {
        "add": {
          "component_groups": [
            "t:diamonddagger"
          ]
        }
      },
      "t:stonedagger_event": {
        "add": {
          "component_groups": [
            "t:stonedagger"
          ]
        }
      },
      "t:irondagger_event": {
        "add": {
          "component_groups": [
            "t:irondagger"
          ]
        }
      },
      "t:golddagger_event": {
        "add": {
          "component_groups": [
            "t:golddagger"
          ]
        }
      },
      "t:hammer_event": {
        "add": {
          "component_groups": [
            "t:hammer"
          ]
        }
      },
      "t:combatknife_event": {
        "add": {
          "component_groups": [
            "t:combatknife"
          ]
        }
      },
      "t:woodswordlvl2_event": {
        "add": {
          "component_groups": [
            "t:woodswordlvl2"
          ]
        }
      },
      "t:woodswordlvl3_event": {
        "add": {
          "component_groups": [
            "t:woodswordlvl3"
          ]
        }
      },
      "t:diamondswordlvl2_event": {
        "add": {
          "component_groups": [
            "t:diamondswordlvl2"
          ]
        }
      },
      "t:diamondswordlvl3_event": {
        "add": {
          "component_groups": [
            "t:diamondswordlvl3"
          ]
        }
      },
      "t:stoneswordlvl2_event": {
        "add": {
          "component_groups": [
            "t:stoneswordlvl2"
          ]
        }
      },
      "t:stoneswordlvl3_event": {
        "add": {
          "component_groups": [
            "t:stoneswordlvl3"
          ]
        }
      },
      "t:ironswordlvl2_event": {
        "add": {
          "component_groups": [
            "t:ironswordlvl2"
          ]
        }
      },
      "t:ironswordlvl3_event": {
        "add": {
          "component_groups": [
            "t:ironswordlvl3"
          ]
        }
      },
      "t:goldswordlvl2_event": {
        "add": {
          "component_groups": [
            "t:goldswordlvl2"
          ]
        }
      },
      "t:goldswordlvl3_event": {
        "add": {
          "component_groups": [
            "t:goldswordlvl3"
          ]
        }
      },
      "t:redstonesword_event": {
        "add": {
          "component_groups": [
            "t:redstonesword"
          ]
        }
      },
      "t:lapissword_event": {
        "add": {
          "component_groups": [
            "t:lapissword"
          ]
        }
      },
      "t:junglechestplate_event_hold": {
        "add": {
          "component_groups": [
            "t:junglechestplate_event_hold"
          ]
        }
      },
      "t:junglechestplate_event_play": {
        "add": {
          "component_groups": [
            "t:junglechestplate_event_play"
          ]
        }
      },
      "t:greycombathelmet_event_hold": {
        "add": {
          "component_groups": [
            "t:greycombathelmet_event_hold"
          ]
        }
      },
      "t:greycombathelmet_event_play": {
        "add": {
          "component_groups": [
            "t:greycombathelmet_event_play"
          ]
        }
      },
      "t:greencombathelmet_event_hold": {
        "add": {
          "component_groups": [
            "t:greencombathelmet_event_hold"
          ]
        }
      },
      "t:greencombathelmet_event_play": {
        "add": {
          "component_groups": [
            "t:greencombathelmet_event_play"
          ]
        }
      },
      "t:greyrangervest_event_hold": {
        "add": {
          "component_groups": [
            "t:greyrangervest_event_hold"
          ]
        }
      },
      "t:greyrangervest_event_play": {
        "add": {
          "component_groups": [
            "t:greyrangervest_event_play"
          ]
        }
      },
      "c:coldwintercap_event_hold": {
        "add": {
          "component_groups": [
            "c:coldwintercap_event_hold"
          ]
        }
      },
      "c:coldwintercap_event_play": {
        "add": {
          "component_groups": [
            "c:coldwintercap_event_play"
          ]
        }
      },
      "t:greyoxigenmask_event_hold": {
        "add": {
          "component_groups": [
            "t:greyoxigenmask_event_hold"
          ]
        }
      },
      "t:greyoxigenmask_event_play": {
        "add": {
          "component_groups": [
            "t:greyoxigenmask_event_play"
          ]
        }
      },
      "t:junglehelmet_event_hold": {
        "add": {
          "component_groups": [
            "t:junglehelmet_event_hold"
          ]
        }
      },
      "t:junglehelmet_event_play": {
        "add": {
          "component_groups": [
            "t:junglehelmet_event_play"
          ]
        }
      },
      "t:oxigenmask_event_hold": {
        "add": {
          "component_groups": [
            "t:oxigenmask_event_hold"
          ]
        }
      },
      "t:oxigenmask_event_play": {
        "add": {
          "component_groups": [
            "t:oxigenmask_event_play"
          ]
        }
      },
      "t:pilotjacket_event_hold": {
        "add": {
          "component_groups": [
            "t:pilotjacket_event_hold"
          ]
        }
      },
      "t:pilotjacket_event_play": {
        "add": {
          "component_groups": [
            "t:pilotjacket_event_play"
          ]
        }
      },
      "t:nativetunic_event_hold": {
        "add": {
          "component_groups": [
            "t:nativetunic_event_hold"
          ]
        }
      },
      "t:nativetunic_event_play": {
        "add": {
          "component_groups": [
            "t:nativetunic_event_play"
          ]
        }
      },
      "t:rangervest_event_hold": {
        "add": {
          "component_groups": [
            "t:rangervest_event_hold"
          ]
        }
      },
      "t:rangervest_event_play": {
        "add": {
          "component_groups": [
            "t:rangervest_event_play"
          ]
        }
      },
      "t:greenhighboots_event_hold": {
        "add": {
          "component_groups": [
            "t:greenhighboots_event_hold"
          ]
        }
      },
      "t:greenhighboots_event_play": {
        "add": {
          "component_groups": [
            "t:greenhighboots_event_play"
          ]
        }
      },
      "t:greenoxigenmask_event_hold": {
        "add": {
          "component_groups": [
            "t:greenoxigenmask_event_hold"
          ]
        }
      },
      "t:greenoxigenmask_event_play": {
        "add": {
          "component_groups": [
            "t:greenoxigenmask_event_play"
          ]
        }
      },
      "t:highboots_event_hold": {
        "add": {
          "component_groups": [
            "t:highboots_event_hold"
          ]
        }
      },
      "t:highboots_event_play": {
        "add": {
          "component_groups": [
            "t:highboots_event_play"
          ]
        }
      },
      "t:greycoldwintercap_event_hold": {
        "add": {
          "component_groups": [
            "t:greycoldwintercap_event_hold"
          ]
        }
      },
      "t:greycoldwintercap_event_play": {
        "add": {
          "component_groups": [
            "t:greycoldwintercap_event_play"
          ]
        }
      },
      "t:greyhighboots_event_hold": {
        "add": {
          "component_groups": [
            "t:greyhighboots_event_hold"
          ]
        }
      },
      "t:greyhighboots_event_play": {
        "add": {
          "component_groups": [
            "t:greyhighboots_event_play"
          ]
        }
      },
      "t:nativeboots_event_hold": {
        "add": {
          "component_groups": [
            "t:nativeboots_event_hold"
          ]
        }
      },
      "t:nativeboots_event_play": {
        "add": {
          "component_groups": [
            "t:nativeboots_event_play"
          ]
        }
      },
      "t:lapischestplate_event_hold": {
        "add": {
          "component_groups": [
            "t:lapischestplate_event_hold"
          ]
        }
      },
      "t:lapischestplate_event_play": {
        "add": {
          "component_groups": [
            "t:lapischestplate_event_play"
          ]
        }
      },
      "t:infectionboots_event_hold": {
        "add": {
          "component_groups": [
            "t:infectionboots_event_hold"
          ]
        }
      },
      "t:infectionboots_event_play": {
        "add": {
          "component_groups": [
            "t:infectionboots_event_play"
          ]
        }
      },
      "t:headband_event_hold": {
        "add": {
          "component_groups": [
            "t:headband_event_hold"
          ]
        }
      },
      "t:headband_event_play": {
        "add": {
          "component_groups": [
            "t:headband_event_play"
          ]
        }
      },
      "t:greywildleggins_event_hold": {
        "add": {
          "component_groups": [
            "t:greywildleggins_event_hold"
          ]
        }
      },
      "t:greywildleggins_event_play": {
        "add": {
          "component_groups": [
            "t:greywildleggins_event_play"
          ]
        }
      },
      "t:wildleggins_event_hold": {
        "add": {
          "component_groups": [
            "t:wildleggins_event_hold"
          ]
        }
      },
      "t:wildleggins_event_play": {
        "add": {
          "component_groups": [
            "t:wildleggins_event_play"
          ]
        }
      },
      "t:greenwildleggins_event_hold": {
        "add": {
          "component_groups": [
            "t:greenwildleggins_event_hold"
          ]
        }
      },
      "t:greenwildleggins_event_play": {
        "add": {
          "component_groups": [
            "t:greenwildleggins_event_play"
          ]
        }
      },
      "t:nativeleggins_event_hold": {
        "add": {
          "component_groups": [
            "t:nativeleggins_event_hold"
          ]
        }
      },
      "t:nativeleggins_event_play": {
        "add": {
          "component_groups": [
            "t:nativeleggins_event_play"
          ]
        }
      },
      "t:stridermask_event_hold": {
        "add": {
          "component_groups": [
            "t:stridermask_event_hold"
          ]
        }
      },
      "t:stridermask_event_play": {
        "add": {
          "component_groups": [
            "t:stridermask_event_play"
          ]
        }
      },
      "t:paperwings_event_hold": {
        "add": {
          "component_groups": [
            "t:paperwings_event_hold"
          ]
        }
      },
      "t:paperwings_event_play": {
        "add": {
          "component_groups": [
            "t:paperwings_event_play"
          ]
        }
      },
      "t:rocketboots_event_hold": {
        "add": {
          "component_groups": [
            "t:rocketboots_event_hold"
          ]
        }
      },
      "t:rocketboots_event_play": {
        "add": {
          "component_groups": [
            "t:rocketboots_event_play"
          ]
        }
      },
      "t:infectionjacket_event_hold": {
        "add": {
          "component_groups": [
            "t:infectionjacket_event_hold"
          ]
        }
      },
      "t:infectionjacket_event_play": {
        "add": {
          "component_groups": [
            "t:infectionjacket_event_play"
          ]
        }
      },
      "t:eyeband_event_hold": {
        "add": {
          "component_groups": [
            "t:eyeband_event_hold"
          ]
        }
      },
      "t:eyeband_event_play": {
        "add": {
          "component_groups": [
            "t:eyeband_event_play"
          ]
        }
      },
      "t:wings_event_hold": {
        "add": {
          "component_groups": [
            "t:wings_event_hold"
          ]
        }
      },
      "t:wings_event_play": {
        "add": {
          "component_groups": [
            "t:wings_event_play"
          ]
        }
      },
      "t:fishglass_event_hold": {
        "add": {
          "component_groups": [
            "t:fishglass_event_hold"
          ]
        }
      },
      "t:fishglass_event_play": {
        "add": {
          "component_groups": [
            "t:fishglass_event_play"
          ]
        }
      },
      "t:infectionhelmet_event_hold": {
        "add": {
          "component_groups": [
            "t:infectionhelmet_event_hold"
          ]
        }
      },
      "t:infectionhelmet_event_play": {
        "add": {
          "component_groups": [
            "t:infectionhelmet_event_play"
          ]
        }
      },
      "t:oxigenmaskmk2_event_hold": {
        "add": {
          "component_groups": [
            "t:oxigenmaskmk2_event_hold"
          ]
        }
      },
      "t:oxigenmaskmk2_event_play": {
        "add": {
          "component_groups": [
            "t:oxigenmaskmk2_event_play"
          ]
        }
      },
      "t:redstonehelmet_event_hold": {
        "add": {
          "component_groups": [
            "t:redstonehelmet_event_hold"
          ]
        }
      },
      "t:redstonehelmet_event_play": {
        "add": {
          "component_groups": [
            "t:redstonehelmet_event_play"
          ]
        }
      },
      "t:redstoneboots_event_hold": {
        "add": {
          "component_groups": [
            "t:redstoneboots_event_hold"
          ]
        }
      },
      "t:redstoneboots_event_play": {
        "add": {
          "component_groups": [
            "t:redstoneboots_event_play"
          ]
        }
      },
      "t:lapishelmet_event_hold": {
        "add": {
          "component_groups": [
            "t:lapishelmet_event_hold"
          ]
        }
      },
      "t:lapishelmet_event_play": {
        "add": {
          "component_groups": [
            "t:lapishelmet_event_play"
          ]
        }
      },
      "t:redstonechestplate_event_hold": {
        "add": {
          "component_groups": [
            "t:redstonechestplate_event_hold"
          ]
        }
      },
      "t:redstonechestplate_event_play": {
        "add": {
          "component_groups": [
            "t:redstonechestplate_event_play"
          ]
        }
      },
      "t:lapisboots_event_hold": {
        "add": {
          "component_groups": [
            "t:lapisboots_event_hold"
          ]
        }
      },
      "t:lapisboots_event_play": {
        "add": {
          "component_groups": [
            "t:lapisboots_event_play"
          ]
        }
      },
      "t:redstoneleggins_event_hold": {
        "add": {
          "component_groups": [
            "t:redstoneleggins_event_hold"
          ]
        }
      },
      "t:redstoneleggins_event_play": {
        "add": {
          "component_groups": [
            "t:redstoneleggins_event_play"
          ]
        }
      },
      "t:lapisleggins_event_hold": {
        "add": {
          "component_groups": [
            "t:lapisleggins_event_hold"
          ]
        }
      },
      "t:lapisleggins_event_play": {
        "add": {
          "component_groups": [
            "t:lapisleggins_event_play"
          ]
        }
      },
      "t:infectionleggins_event_hold": {
        "add": {
          "component_groups": [
            "t:infectionleggins_event_hold"
          ]
        }
      },
      "t:infectionleggins_event_play": {
        "add": {
          "component_groups": [
            "t:infectionleggins_event_play"
          ]
        }
      }
    }
  }
}