{"format_version":"1.8.0","minecraft:client_entity":{"description":{"identifier":"pa:baby_spider","materials":{"default":"spider","invisible":"spider_invisible"},"textures":{"default":"textures/entity/pamobile/pa_baby_spider"},"geometry":{"default":"geometry.spider"},"animations":{"default_leg_pose":"animation.spider.default_leg_pose","look_at_target":"animation.spider.look_at_target","walk":"animation.spider.walk"},"animation_controllers":[{"move":"controller.animation.spider.move"}],"render_controllers":["controller.render.spider"],"spawn_egg":{"texture":"pa:baby_spider","texture_index":0}}}}