{"format_version":"1.8.0","minecraft:client_entity":{"description":{"identifier":"pa:life_orb_boss","materials":{"body":"blaze_head","head":"blaze_body"},"textures":{"default":"textures/entity/pamobile/pa_life_orb_boss"},"geometry":{"default":"geometry.blaze"},"animations":{"look_at_target":"animation.common.look_at_target","move":"animation.blaze.move"},"particle_effects":{"charged_flames":"minecraft:mobflame_emitter"},"animation_controllers":[{"move":"controller.animation.blaze.move"},{"flame":"controller.animation.blaze.flame"}],"render_controllers":["controller.render.blaze"],"spawn_egg":{"texture":"pa:life_orb_boss","texture_index":0}}}}