{
  "format_version": "1.10.0",
  "particle_effect": {
    "description": {
      "identifier": "raigen:platform_destruct",
      "basic_render_parameters": {
        "material": "particles_alpha",
        "texture": "textures/item_bundler/particles"
      }
    },
    "components": {
      "minecraft:emitter_rate_instant": {
        "num_particles": 50
      },
      "minecraft:emitter_lifetime_once": {
        "active_time": 2
      },
      "minecraft:emitter_shape_point": {
        "offset": ["Math.random(-0.1, 0.1)", "Math.random(-0.1, 0.5)", "Math.random(-0.1, 0.1)"]
      },
      "minecraft:particle_lifetime_expression": {
        "max_lifetime": "0.3 + math.random(0.5, 0.9)"
      },
      "minecraft:particle_initial_speed": -6.8,
      "minecraft:particle_motion_dynamic": {
        "linear_acceleration": [0, -19.8, 0],
        "linear_drag_coefficient": 5
      },
	  "minecraft:particle_motion_collision": {
	  	"collision_drag": 5,
	  	"coefficient_of_restitution": 0.1,
	  	"collision_radius": 0.2
	  },
      "minecraft:particle_appearance_billboard": {
        "size": [0.2, 0.2],
        "facing_camera_mode": "lookat_xyz",
        "uv": {
          "texture_width": 16,
          "texture_height": 16,
          "flipbook": {
            "base_UV": [8, 2],
            "size_UV": [2, 4],
            "step_UV": [2, 0],
            "frames_per_second": 4,
            "max_frame": 4,
            "stretch_to_lifetime": true
          }
        }
      },
      "minecraft:particle_appearance_tinting": {
        "color": [0.69412, 0.61176, 0.49804, 1]
      }
    }
  }
}