{"format_version":"1.8.0","minecraft:spawn_rules":{"description":{"identifier":"pa:dark_oak_tree_nymph","population_control":"animal"},"conditions":[{"minecraft:spawns_underground":{},"minecraft:spawns_on_surface":{},"minecraft:spawns_on_block_filter":"minecraft:grass","minecraft:brightness_filter":{"min":1,"max":15,"adjust_for_weather":false},"minecraft:weight":{"default":40},"minecraft:herd":{"min_size":1,"max_size":4},"minecraft:density_limit":{"surface":5},"minecraft:biome_filter":[{"any_of":[{"test":"has_biome_tag","operator":"==","value":"roofed_forest"},{"test":"has_biome_tag","operator":"==","value":"roofed_forest_mutated"},{"test":"has_biome_tag","operator":"==","value":"taiga"},{"test":"has_biome_tag","operator":"==","value":"taiga_hills"},{"test":"has_biome_tag","operator":"==","value":"taiga_mutated"},{"test":"has_biome_tag","operator":"==","value":"cold_taiga"},{"test":"has_biome_tag","operator":"==","value":"cold_taiga_hills"},{"test":"has_biome_tag","operator":"==","value":"cold_taiga_mutated"},{"test":"has_biome_tag","operator":"==","value":"mega_taiga"},{"test":"has_biome_tag","operator":"==","value":"mega_taiga_hills"},{"test":"has_biome_tag","operator":"==","value":"redwood_taiga_mutated"},{"test":"has_biome_tag","operator":"==","value":"redwood_taiga_hills_mutated"}]}]},{"minecraft:spawns_underground":{},"minecraft:brightness_filter":{"min":1,"max":15,"adjust_for_weather":false},"minecraft:weight":{"default":40},"minecraft:herd":{"min_size":1,"max_size":4},"minecraft:density_limit":{"surface":5},"minecraft:biome_filter":[{"any_of":[{"test":"has_biome_tag","operator":"==","value":"roofed_forest"},{"test":"has_biome_tag","operator":"==","value":"roofed_forest_mutated"},{"test":"has_biome_tag","operator":"==","value":"taiga"},{"test":"has_biome_tag","operator":"==","value":"taiga_hills"},{"test":"has_biome_tag","operator":"==","value":"taiga_mutated"},{"test":"has_biome_tag","operator":"==","value":"cold_taiga"},{"test":"has_biome_tag","operator":"==","value":"cold_taiga_hills"},{"test":"has_biome_tag","operator":"==","value":"cold_taiga_mutated"},{"test":"has_biome_tag","operator":"==","value":"mega_taiga"},{"test":"has_biome_tag","operator":"==","value":"mega_taiga_hills"},{"test":"has_biome_tag","operator":"==","value":"redwood_taiga_mutated"},{"test":"has_biome_tag","operator":"==","value":"redwood_taiga_hills_mutated"}]}]}]}}