{"format_version":"1.8.0","minecraft:spawn_rules":{"description":{"identifier":"pa:tree_nymph","population_control":"animal"},"conditions":[{"minecraft:spawns_underground":{},"minecraft:spawns_on_surface":{},"minecraft:spawns_on_block_filter":"minecraft:grass","minecraft:brightness_filter":{"min":1,"max":15,"adjust_for_weather":false},"minecraft:weight":{"default":50},"minecraft:herd":{"min_size":1,"max_size":4},"minecraft:density_limit":{"surface":5},"minecraft:biome_filter":[{"any_of":[{"test":"has_biome_tag","operator":"==","value":"forest"},{"test":"has_biome_tag","operator":"==","value":"forest_hills"},{"test":"has_biome_tag","operator":"==","value":"flower_forest"},{"test":"has_biome_tag","operator":"==","value":"extreme_hills_plus_trees"},{"test":"has_biome_tag","operator":"==","value":"extreme_hills_plus_trees_mutated"}]}]},{"minecraft:spawns_underground":{},"minecraft:brightness_filter":{"min":1,"max":15,"adjust_for_weather":false},"minecraft:weight":{"default":50},"minecraft:herd":{"min_size":1,"max_size":4},"minecraft:density_limit":{"surface":5},"minecraft:biome_filter":[{"any_of":[{"test":"has_biome_tag","operator":"==","value":"forest"},{"test":"has_biome_tag","operator":"==","value":"forest_hills"},{"test":"has_biome_tag","operator":"==","value":"flower_forest"},{"test":"has_biome_tag","operator":"==","value":"extreme_hills_plus_trees"},{"test":"has_biome_tag","operator":"==","value":"extreme_hills_plus_trees_mutated"}]}]}]}}