{
  "format_version": "1.8.0",
  "animations": {
    "animation.bundling_platform.moving": {
      "loop": true,
      "animation_length": 1,
      "bones": {
        "turn_1": {
          "position": {
            "0.0": [0, 0, 0],
            "1.0": [6, 0, 0]
          }
        },
        "turn_2": {
          "position": {
            "0.0": [0, 0, 0],
            "1.0": [0, 0, -6]
          }
        },
        "turn_3": {
          "position": {
            "0.0": [0, 0, 0],
            "1.0": [-6, 0, 0]
          }
        },
        "turn_4": {
          "position": {
            "0.0": [0, 0, 0],
            "1.0": [0, 0, 6]
          }
        }
      }
    }
  }
}