{
  "format_version": [   1,  1, 0 ],
  "raigen:bundling_unit": {
    "sound": "stone",
    "textures": {
      "up": "bundling_unit_top",
      "side": "bundling_unit_side",
      "down": "bundling_unit_bottom"
    }
  },
  "raigen:apple_bundle": {
    "sound": "stone",
    "textures": {
      "up": "bundling_unit_top",
      "side": "bundling_unit_side_apple",
      "down": "bundling_unit_bottom"
    }
  },
  "raigen:baked_potato_bundle": {
    "sound": "stone",
    "textures": {
      "up": "bundling_unit_top",
      "side": "bundling_unit_side_baked_potato",
      "down": "bundling_unit_bottom"
    }
  },
  "raigen:bamboo_bundle": {
    "sound": "stone",
    "textures": {
      "up": "bundling_unit_top",
      "side": "bundling_unit_side_bamboo",
      "down": "bundling_unit_bottom"
    }
  },
  "raigen:beetroot_bundle": {
    "sound": "stone",
    "textures": {
      "up": "bundling_unit_top",
      "side": "bundling_unit_side_beetroot",
      "down": "bundling_unit_bottom"
    }
  },
  "raigen:beetroot_seeds_bundle": {
    "sound": "stone",
    "textures": {
      "up": "bundling_unit_top",
      "side": "bundling_unit_side_beetroot_seeds",
      "down": "bundling_unit_bottom"
    }
  },
  "raigen:black_dye_bundle": {
    "sound": "stone",
    "textures": {
      "up": "bundling_unit_top",
      "side": "bundling_unit_side_black_dye",
      "down": "bundling_unit_bottom"
    }
  },
  "raigen:blaze_powder_bundle": {
    "sound": "stone",
    "textures": {
      "up": "bundling_unit_top",
      "side": "bundling_unit_side_blaze_powder",
      "down": "bundling_unit_bottom"
    }
  },
  "raigen:blaze_rod_bundle": {
    "sound": "stone",
    "textures": {
      "up": "bundling_unit_top",
      "side": "bundling_unit_side_blaze_rod",
      "down": "bundling_unit_bottom"
    }
  },
  "raigen:blue_dye_bundle": {
    "sound": "stone",
    "textures": {
      "up": "bundling_unit_top",
      "side": "bundling_unit_side_blue_dye",
      "down": "bundling_unit_bottom"
    }
  },
  "raigen:bone_bundle": {
    "sound": "stone",
    "textures": {
      "up": "bundling_unit_top",
      "side": "bundling_unit_side_bone",
      "down": "bundling_unit_bottom"
    }
  },
  "raigen:bonemeal_bundle": {
    "sound": "stone",
    "textures": {
      "up": "bundling_unit_top",
      "side": "bundling_unit_side_bonemeal",
      "down": "bundling_unit_bottom"
    }
  },
  "raigen:book_bundle": {
    "sound": "stone",
    "textures": {
      "up": "bundling_unit_top",
      "side": "bundling_unit_side_book",
      "down": "bundling_unit_bottom"
    }
  },
  "raigen:bowl_bundle": {
    "sound": "stone",
    "textures": {
      "up": "bundling_unit_top",
      "side": "bundling_unit_side_bowl",
      "down": "bundling_unit_bottom"
    }
  },
  "raigen:bread_bundle": {
    "sound": "stone",
    "textures": {
      "up": "bundling_unit_top",
      "side": "bundling_unit_side_bread",
      "down": "bundling_unit_bottom"
    }
  },
  "raigen:brick_bundle": {
    "sound": "stone",
    "textures": {
      "up": "bundling_unit_top",
      "side": "bundling_unit_side_brick",
      "down": "bundling_unit_bottom"
    }
  },
  "raigen:brown_dye_bundle": {
    "sound": "stone",
    "textures": {
      "up": "bundling_unit_top",
      "side": "bundling_unit_side_brown_dye",
      "down": "bundling_unit_bottom"
    }
  },
  "raigen:cake_bundle": {
    "sound": "stone",
    "textures": {
      "up": "bundling_unit_top",
      "side": "bundling_unit_side_cake",
      "down": "bundling_unit_bottom"
    }
  },
  "raigen:carrot_bundle": {
    "sound": "stone",
    "textures": {
      "up": "bundling_unit_top",
      "side": "bundling_unit_side_carrot",
      "down": "bundling_unit_bottom"
    }
  },
  "raigen:charcoal_bundle": {
    "sound": "stone",
    "textures": {
      "up": "bundling_unit_top",
      "side": "bundling_unit_side_charcoal",
      "down": "bundling_unit_bottom"
    }
  },
  "raigen:clay_ball_bundle": {
    "sound": "stone",
    "textures": {
      "up": "bundling_unit_top",
      "side": "bundling_unit_side_clay_ball",
      "down": "bundling_unit_bottom"
    }
  },
  "raigen:coal_bundle": {
    "sound": "stone",
    "textures": {
      "up": "bundling_unit_top",
      "side": "bundling_unit_side_coal",
      "down": "bundling_unit_bottom"
    }
  },
  "raigen:cocoa_beans_bundle": {
    "sound": "stone",
    "textures": {
      "up": "bundling_unit_top",
      "side": "bundling_unit_side_cocoa_beans",
      "down": "bundling_unit_bottom"
    }
  },
  "raigen:cooked_beef_bundle": {
    "sound": "stone",
    "textures": {
      "up": "bundling_unit_top",
      "side": "bundling_unit_side_cooked_beef",
      "down": "bundling_unit_bottom"
    }
  },
  "raigen:cooked_chicken_bundle": {
    "sound": "stone",
    "textures": {
      "up": "bundling_unit_top",
      "side": "bundling_unit_side_cooked_chicken",
      "down": "bundling_unit_bottom"
    }
  },
  "raigen:cooked_fish_bundle": {
    "sound": "stone",
    "textures": {
      "up": "bundling_unit_top",
      "side": "bundling_unit_side_cooked_fish",
      "down": "bundling_unit_bottom"
    }
  },
  "raigen:cooked_mutton_bundle": {
    "sound": "stone",
    "textures": {
      "up": "bundling_unit_top",
      "side": "bundling_unit_side_cooked_mutton",
      "down": "bundling_unit_bottom"
    }
  },
  "raigen:cooked_porkchop_bundle": {
    "sound": "stone",
    "textures": {
      "up": "bundling_unit_top",
      "side": "bundling_unit_side_cooked_porkchop",
      "down": "bundling_unit_bottom"
    }
  },
  "raigen:cooked_rabbit_bundle": {
    "sound": "stone",
    "textures": {
      "up": "bundling_unit_top",
      "side": "bundling_unit_side_cooked_rabbit",
      "down": "bundling_unit_bottom"
    }
  },
  "raigen:cooked_salmon_bundle": {
    "sound": "stone",
    "textures": {
      "up": "bundling_unit_top",
      "side": "bundling_unit_side_cooked_salmon",
      "down": "bundling_unit_bottom"
    }
  },
  "raigen:cookie_bundle": {
    "sound": "stone",
    "textures": {
      "up": "bundling_unit_top",
      "side": "bundling_unit_side_cookie",
      "down": "bundling_unit_bottom"
    }
  },
  "raigen:cyan_dye_bundle": {
    "sound": "stone",
    "textures": {
      "up": "bundling_unit_top",
      "side": "bundling_unit_side_cyan_dye",
      "down": "bundling_unit_bottom"
    }
  },
  "raigen:egg_bundle": {
    "sound": "stone",
    "textures": {
      "up": "bundling_unit_top",
      "side": "bundling_unit_side_egg",
      "down": "bundling_unit_bottom"
    }
  },
  "raigen:enchanted_golden_apple_bundle": {
    "sound": "stone",
    "textures": {
      "up": "bundling_unit_top",
      "side": "bundling_unit_side_enchanted_golden_apple",
      "down": "bundling_unit_bottom"
    }
  },
  "raigen:ender_eye_bundle": {
    "sound": "stone",
    "textures": {
      "up": "bundling_unit_top",
      "side": "bundling_unit_side_ender_eye",
      "down": "bundling_unit_bottom"
    }
  },
  "raigen:ender_pearl_bundle": {
    "sound": "stone",
    "textures": {
      "up": "bundling_unit_top",
      "side": "bundling_unit_side_ender_pearl",
      "down": "bundling_unit_bottom"
    }
  },
  "raigen:experience_bottle_bundle": {
    "sound": "stone",
    "textures": {
      "up": "bundling_unit_top",
      "side": "bundling_unit_side_experience_bottle",
      "down": "bundling_unit_bottom"
    }
  },
  "raigen:feather_bundle": {
    "sound": "stone",
    "textures": {
      "up": "bundling_unit_top",
      "side": "bundling_unit_side_feather",
      "down": "bundling_unit_bottom"
    }
  },
  "raigen:fermented_spider_eye_bundle": {
    "sound": "stone",
    "textures": {
      "up": "bundling_unit_top",
      "side": "bundling_unit_side_fermented_spider_eye",
      "down": "bundling_unit_bottom"
    }
  },
  "raigen:fire_charge_bundle": {
    "sound": "stone",
    "textures": {
      "up": "bundling_unit_top",
      "side": "bundling_unit_side_fire_charge",
      "down": "bundling_unit_bottom"
    }
  },
  "raigen:flint_bundle": {
    "sound": "stone",
    "textures": {
      "up": "bundling_unit_top",
      "side": "bundling_unit_side_flint",
      "down": "bundling_unit_bottom"
    }
  },
  "raigen:flower_pot_bundle": {
    "sound": "stone",
    "textures": {
      "up": "bundling_unit_top",
      "side": "bundling_unit_side_flower_pot",
      "down": "bundling_unit_bottom"
    }
  },
  "raigen:ghast_tear_bundle": {
    "sound": "stone",
    "textures": {
      "up": "bundling_unit_top",
      "side": "bundling_unit_side_ghast_tear",
      "down": "bundling_unit_bottom"
    }
  },
  "raigen:glowstone_dust_bundle": {
    "sound": "stone",
    "textures": {
      "up": "bundling_unit_top",
      "side": "bundling_unit_side_glowstone_dust",
      "down": "bundling_unit_bottom"
    }
  },
  "raigen:golden_apple_bundle": {
    "sound": "stone",
    "textures": {
      "up": "bundling_unit_top",
      "side": "bundling_unit_side_golden_apple",
      "down": "bundling_unit_bottom"
    }
  },
  "raigen:golden_carrot_bundle": {
    "sound": "stone",
    "textures": {
      "up": "bundling_unit_top",
      "side": "bundling_unit_side_golden_carrot",
      "down": "bundling_unit_bottom"
    }
  },
  "raigen:gray_dye_bundle": {
    "sound": "stone",
    "textures": {
      "up": "bundling_unit_top",
      "side": "bundling_unit_side_gray_dye",
      "down": "bundling_unit_bottom"
    }
  },
  "raigen:green_dye_bundle": {
    "sound": "stone",
    "textures": {
      "up": "bundling_unit_top",
      "side": "bundling_unit_side_green_dye",
      "down": "bundling_unit_bottom"
    }
  },
  "raigen:gunpowder_bundle": {
    "sound": "stone",
    "textures": {
      "up": "bundling_unit_top",
      "side": "bundling_unit_side_gunpowder",
      "down": "bundling_unit_bottom"
    }
  },
  "raigen:heart_of_the_sea_bundle": {
    "sound": "stone",
    "textures": {
      "up": "bundling_unit_top",
      "side": "bundling_unit_side_heart_of_the_sea",
      "down": "bundling_unit_bottom"
    }
  },
  "raigen:honeycomb_bundle": {
    "sound": "stone",
    "textures": {
      "up": "bundling_unit_top",
      "side": "bundling_unit_side_honeycomb",
      "down": "bundling_unit_bottom"
    }
  },
  "raigen:honey_bottle_bundle": {
    "sound": "stone",
    "textures": {
      "up": "bundling_unit_top",
      "side": "bundling_unit_side_honey_bottle",
      "down": "bundling_unit_bottom"
    }
  },
  "raigen:ink_sac_bundle": {
    "sound": "stone",
    "textures": {
      "up": "bundling_unit_top",
      "side": "bundling_unit_side_ink_sac",
      "down": "bundling_unit_bottom"
    }
  },
  "raigen:item_frame_bundle": {
    "sound": "stone",
    "textures": {
      "up": "bundling_unit_top",
      "side": "bundling_unit_side_item_frame",
      "down": "bundling_unit_bottom"
    }
  },
  "raigen:kelp_bundle": {
    "sound": "stone",
    "textures": {
      "up": "bundling_unit_top",
      "side": "bundling_unit_side_kelp",
      "down": "bundling_unit_bottom"
    }
  },
  "raigen:lapis_lazuli_bundle": {
    "sound": "stone",
    "textures": {
      "up": "bundling_unit_top",
      "side": "bundling_unit_side_lapis_lazuli",
      "down": "bundling_unit_bottom"
    }
  },
  "raigen:ladder_bundle": {
    "sound": "stone",
    "textures": {
      "up": "bundling_unit_top",
      "side": "bundling_unit_side_ladder",
      "down": "bundling_unit_bottom"
    }
  },
  "raigen:lead_bundle": {
    "sound": "stone",
    "textures": {
      "up": "bundling_unit_top",
      "side": "bundling_unit_side_lead",
      "down": "bundling_unit_bottom"
    }
  },
  "raigen:leather_bundle": {
    "sound": "stone",
    "textures": {
      "up": "bundling_unit_top",
      "side": "bundling_unit_side_leather",
      "down": "bundling_unit_bottom"
    }
  },
  "raigen:light_blue_dye_bundle": {
    "sound": "stone",
    "textures": {
      "up": "bundling_unit_top",
      "side": "bundling_unit_side_light_blue_dye",
      "down": "bundling_unit_bottom"
    }
  },
  "raigen:lime_dye_bundle": {
    "sound": "stone",
    "textures": {
      "up": "bundling_unit_top",
      "side": "bundling_unit_side_lime_dye",
      "down": "bundling_unit_bottom"
    }
  },
  "raigen:magenta_dye_bundle": {
    "sound": "stone",
    "textures": {
      "up": "bundling_unit_top",
      "side": "bundling_unit_side_magenta_dye",
      "down": "bundling_unit_bottom"
    }
  },
  "raigen:magma_cream_bundle": {
    "sound": "stone",
    "textures": {
      "up": "bundling_unit_top",
      "side": "bundling_unit_side_magma_cream",
      "down": "bundling_unit_bottom"
    }
  },
  "raigen:melon_seeds_bundle": {
    "sound": "stone",
    "textures": {
      "up": "bundling_unit_top",
      "side": "bundling_unit_side_melon_seeds",
      "down": "bundling_unit_bottom"
    }
  },
  "raigen:name_tag_bundle": {
    "sound": "stone",
    "textures": {
      "up": "bundling_unit_top",
      "side": "bundling_unit_side_name_tag",
      "down": "bundling_unit_bottom"
    }
  },
  "raigen:nautilus_shell_bundle": {
    "sound": "stone",
    "textures": {
      "up": "bundling_unit_top",
      "side": "bundling_unit_side_nautilus_shell",
      "down": "bundling_unit_bottom"
    }
  },
  "raigen:nether_brick_bundle": {
    "sound": "stone",
    "textures": {
      "up": "bundling_unit_top",
      "side": "bundling_unit_side_nether_brick",
      "down": "bundling_unit_bottom"
    }
  },
  "raigen:nether_star_bundle": {
    "sound": "stone",
    "textures": {
      "up": "bundling_unit_top",
      "side": "bundling_unit_side_nether_star",
      "down": "bundling_unit_bottom"
    }
  },
  "raigen:nether_wart_bundle": {
    "sound": "stone",
    "textures": {
      "up": "bundling_unit_top",
      "side": "bundling_unit_side_nether_wart",
      "down": "bundling_unit_bottom"
    }
  },
  "raigen:orange_dye_bundle": {
    "sound": "stone",
    "textures": {
      "up": "bundling_unit_top",
      "side": "bundling_unit_side_orange_dye",
      "down": "bundling_unit_bottom"
    }
  },
  "raigen:painting_bundle": {
    "sound": "stone",
    "textures": {
      "up": "bundling_unit_top",
      "side": "bundling_unit_side_painting",
      "down": "bundling_unit_bottom"
    }
  },
  "raigen:paper_bundle": {
    "sound": "stone",
    "textures": {
      "up": "bundling_unit_top",
      "side": "bundling_unit_side_paper",
      "down": "bundling_unit_bottom"
    }
  },
  "raigen:phantom_membrane_bundle": {
    "sound": "stone",
    "textures": {
      "up": "bundling_unit_top",
      "side": "bundling_unit_side_phantom_membrane",
      "down": "bundling_unit_bottom"
    }
  },
  "raigen:pink_dye_bundle": {
    "sound": "stone",
    "textures": {
      "up": "bundling_unit_top",
      "side": "bundling_unit_side_pink_dye",
      "down": "bundling_unit_bottom"
    }
  },
  "raigen:poisonous_potato_bundle": {
    "sound": "stone",
    "textures": {
      "up": "bundling_unit_top",
      "side": "bundling_unit_side_poisonous_potato",
      "down": "bundling_unit_bottom"
    }
  },
  "raigen:potato_bundle": {
    "sound": "stone",
    "textures": {
      "up": "bundling_unit_top",
      "side": "bundling_unit_side_potato",
      "down": "bundling_unit_bottom"
    }
  },
  "raigen:prismarine_crystals_bundle": {
    "sound": "stone",
    "textures": {
      "up": "bundling_unit_top",
      "side": "bundling_unit_side_prismarine_crystals",
      "down": "bundling_unit_bottom"
    }
  },
  "raigen:pufferfish_bundle": {
    "sound": "stone",
    "textures": {
      "up": "bundling_unit_top",
      "side": "bundling_unit_side_pufferfish",
      "down": "bundling_unit_bottom"
    }
  },
  "raigen:pumpkin_pie_bundle": {
    "sound": "stone",
    "textures": {
      "up": "bundling_unit_top",
      "side": "bundling_unit_side_pumpkin_pie",
      "down": "bundling_unit_bottom"
    }
  },
  "raigen:pumpkin_seeds_bundle": {
    "sound": "stone",
    "textures": {
      "up": "bundling_unit_top",
      "side": "bundling_unit_side_pumpkin_seeds",
      "down": "bundling_unit_bottom"
    }
  },
  "raigen:purple_dye_bundle": {
    "sound": "stone",
    "textures": {
      "up": "bundling_unit_top",
      "side": "bundling_unit_side_purple_dye",
      "down": "bundling_unit_bottom"
    }
  },
  "raigen:quartz_bundle": {
    "sound": "stone",
    "textures": {
      "up": "bundling_unit_top",
      "side": "bundling_unit_side_quartz",
      "down": "bundling_unit_bottom"
    }
  },
  "raigen:rabbit_foot_bundle": {
    "sound": "stone",
    "textures": {
      "up": "bundling_unit_top",
      "side": "bundling_unit_side_rabbit_foot",
      "down": "bundling_unit_bottom"
    }
  },
  "raigen:rabbit_hide_bundle": {
    "sound": "stone",
    "textures": {
      "up": "bundling_unit_top",
      "side": "bundling_unit_side_rabbit_hide",
      "down": "bundling_unit_bottom"
    }
  },
  "raigen:raw_beef_bundle": {
    "sound": "stone",
    "textures": {
      "up": "bundling_unit_top",
      "side": "bundling_unit_side_raw_beef",
      "down": "bundling_unit_bottom"
    }
  },
  "raigen:raw_chicken_bundle": {
    "sound": "stone",
    "textures": {
      "up": "bundling_unit_top",
      "side": "bundling_unit_side_raw_chicken",
      "down": "bundling_unit_bottom"
    }
  },
  "raigen:raw_fish_bundle": {
    "sound": "stone",
    "textures": {
      "up": "bundling_unit_top",
      "side": "bundling_unit_side_raw_fish",
      "down": "bundling_unit_bottom"
    }
  },
  "raigen:raw_mutton_bundle": {
    "sound": "stone",
    "textures": {
      "up": "bundling_unit_top",
      "side": "bundling_unit_side_raw_mutton",
      "down": "bundling_unit_bottom"
    }
  },
  "raigen:raw_porkchop_bundle": {
    "sound": "stone",
    "textures": {
      "up": "bundling_unit_top",
      "side": "bundling_unit_side_raw_porkchop",
      "down": "bundling_unit_bottom"
    }
  },
  "raigen:raw_rabbit_bundle": {
    "sound": "stone",
    "textures": {
      "up": "bundling_unit_top",
      "side": "bundling_unit_side_raw_rabbit",
      "down": "bundling_unit_bottom"
    }
  },
  "raigen:raw_salmon_bundle": {
    "sound": "stone",
    "textures": {
      "up": "bundling_unit_top",
      "side": "bundling_unit_side_raw_salmon",
      "down": "bundling_unit_bottom"
    }
  },
  "raigen:red_dye_bundle": {
    "sound": "stone",
    "textures": {
      "up": "bundling_unit_top",
      "side": "bundling_unit_side_red_dye",
      "down": "bundling_unit_bottom"
    }
  },
  "raigen:rotten_flesh_bundle": {
    "sound": "stone",
    "textures": {
      "up": "bundling_unit_top",
      "side": "bundling_unit_side_rotten_flesh",
      "down": "bundling_unit_bottom"
    }
  },
  "raigen:scute_bundle": {
    "sound": "stone",
    "textures": {
      "up": "bundling_unit_top",
      "side": "bundling_unit_side_scute",
      "down": "bundling_unit_bottom"
    }
  },
  "raigen:sea_pickle_bundle": {
    "sound": "stone",
    "textures": {
      "up": "bundling_unit_top",
      "side": "bundling_unit_side_sea_pickle",
      "down": "bundling_unit_bottom"
    }
  },
  "raigen:shulker_shell_bundle": {
    "sound": "stone",
    "textures": {
      "up": "bundling_unit_top",
      "side": "bundling_unit_side_shulker_shell",
      "down": "bundling_unit_bottom"
    }
  },
  "raigen:silver_dye_bundle": {
    "sound": "stone",
    "textures": {
      "up": "bundling_unit_top",
      "side": "bundling_unit_side_silver_dye",
      "down": "bundling_unit_bottom"
    }
  },
  "raigen:snowball_bundle": {
    "sound": "stone",
    "textures": {
      "up": "bundling_unit_top",
      "side": "bundling_unit_side_snowball",
      "down": "bundling_unit_bottom"
    }
  },
  "raigen:speckled_melon_bundle": {
    "sound": "stone",
    "textures": {
      "up": "bundling_unit_top",
      "side": "bundling_unit_side_speckled_melon",
      "down": "bundling_unit_bottom"
    }
  },
  "raigen:spider_eye_bundle": {
    "sound": "stone",
    "textures": {
      "up": "bundling_unit_top",
      "side": "bundling_unit_side_spider_eye",
      "down": "bundling_unit_bottom"
    }
  },
  "raigen:stick_bundle": {
    "sound": "stone",
    "textures": {
      "up": "bundling_unit_top",
      "side": "bundling_unit_side_stick",
      "down": "bundling_unit_bottom"
    }
  },
  "raigen:string_bundle": {
    "sound": "stone",
    "textures": {
      "up": "bundling_unit_top",
      "side": "bundling_unit_side_string",
      "down": "bundling_unit_bottom"
    }
  },
  "raigen:sugar_bundle": {
    "sound": "stone",
    "textures": {
      "up": "bundling_unit_top",
      "side": "bundling_unit_side_sugar",
      "down": "bundling_unit_bottom"
    }
  },
  "raigen:sugar_cane_bundle": {
    "sound": "stone",
    "textures": {
      "up": "bundling_unit_top",
      "side": "bundling_unit_side_sugar_cane",
      "down": "bundling_unit_bottom"
    }
  },
  "raigen:sweet_berries_bundle": {
    "sound": "stone",
    "textures": {
      "up": "bundling_unit_top",
      "side": "bundling_unit_side_sweet_berries",
      "down": "bundling_unit_bottom"
    }
  },
  "raigen:tropical_fish_bundle": {
    "sound": "stone",
    "textures": {
      "up": "bundling_unit_top",
      "side": "bundling_unit_side_tropical_fish",
      "down": "bundling_unit_bottom"
    }
  },
  "raigen:wheat_seeds_bundle": {
    "sound": "stone",
    "textures": {
      "up": "bundling_unit_top",
      "side": "bundling_unit_side_wheat_seeds",
      "down": "bundling_unit_bottom"
    }
  },
  "raigen:white_dye_bundle": {
    "sound": "stone",
    "textures": {
      "up": "bundling_unit_top",
      "side": "bundling_unit_side_white_dye",
      "down": "bundling_unit_bottom"
    }
  },
  "raigen:yellow_dye_bundle": {
    "sound": "stone",
    "textures": {
      "up": "bundling_unit_top",
      "side": "bundling_unit_side_yellow_dye",
      "down": "bundling_unit_bottom"
    }
  },
  
  "raigen:blue_ice_bundle": {
    "sound": "stone",
    "textures": {
      "up": "bundling_unit_top",
      "side": "bundling_unit_side_blue_ice",
      "down": "bundling_unit_top"
    }
  },
  "raigen:bone_block_bundle": {
    "sound": "stone",
    "textures": {
      "up": "bundling_unit_top",
      "side": "bundling_unit_side_bone_block",
      "down": "bundling_unit_top"
    }
  },
  "raigen:diamond_bundle": {
    "sound": "stone",
    "textures": {
      "up": "bundling_unit_top",
      "side": "bundling_unit_side_diamond",
      "down": "bundling_unit_top"
    }
  },
  "raigen:dried_kelp_bundle": {
    "sound": "stone",
    "textures": {
      "up": "bundling_unit_top",
      "side": "bundling_unit_side_dried_kelp",
      "down": "bundling_unit_top"
    }
  },
  "raigen:emerald_bundle": {
    "sound": "stone",
    "textures": {
      "up": "bundling_unit_top",
      "side": "bundling_unit_side_emerald",
      "down": "bundling_unit_top"
    }
  },
  "raigen:gold_bundle": {
    "sound": "stone",
    "textures": {
      "up": "bundling_unit_top",
      "side": "bundling_unit_side_gold",
      "down": "bundling_unit_top"
    }
  },
  "raigen:iron_bundle": {
    "sound": "stone",
    "textures": {
      "up": "bundling_unit_top",
      "side": "bundling_unit_side_iron",
      "down": "bundling_unit_top"
    }
  },
  "raigen:melon_bundle": {
    "sound": "stone",
    "textures": {
      "up": "bundling_unit_top",
      "side": "bundling_unit_side_melon",
      "down": "bundling_unit_top"
    }
  },
  "raigen:prismarine_bundle": {
    "sound": "stone",
    "textures": {
      "up": "bundling_unit_top",
      "side": "bundling_unit_side_prismarine",
      "down": "bundling_unit_top"
    }
  },
  "raigen:redstone_bundle": {
    "sound": "stone",
    "textures": {
      "up": "bundling_unit_top",
      "side": "bundling_unit_side_redstone",
      "down": "bundling_unit_top"
    }
  },
  "raigen:netherite_scrap_bundle": {
    "sound": "stone",
    "textures": {
      "up": "bundling_unit_top",
      "side": "bundling_unit_side_netherite_scrap",
      "down": "bundling_unit_top"
    }
  },
  "raigen:netherite_bundle": {
    "sound": "stone",
    "textures": {
      "up": "bundling_unit_top",
      "side": "bundling_unit_side_netherite",
      "down": "bundling_unit_top"
    }
  },
  "raigen:crimson_fungus_bundle": {
    "sound": "stone",
    "textures": {
      "up": "bundling_unit_top",
      "side": "bundling_unit_side_crimson_fungus",
      "down": "bundling_unit_top"
    }
  },
  "raigen:warped_fungus_bundle": {
    "sound": "stone",
    "textures": {
      "up": "bundling_unit_top",
      "side": "bundling_unit_side_warped_fungus",
      "down": "bundling_unit_top"
    }
  }
}