{
  "entity_sounds": {
    "entities": {
      "raigen:item_ground_item_bundler": {
        "volume": 1.0,
        "pitch": [ 0.8, 1.0 ],
        "events": {
          "death": "mob.chicken.plop"
        }
      },
      "raigen:bundling_platform": {
        "volume": 1.0,
        "pitch": [ 0.8, 1.0 ],
        "events": {
          "death": "dig.stone",
          "hurt": "dig.stone"
        }
      },
      "raigen:compacting_platform": {
        "volume": 1.0,
        "pitch": [ 0.8, 1.0 ],
        "events": {
          "death": "dig.stone",
          "hurt": "dig.stone"
        }
      }
	}
  }
}