{
  "format_version": "1.12",
  "minecraft:recipe_shaped": {
    "description": {
    "identifier": "of:battleaxe_adamant"
    },

    
    "tags": [ "crafting_table" ],
    "pattern": [
      "XBX",
      "X#X",
      " # "
    ],
    "key": {
      "#": {
        "item": "of:obsidian_stick"
      },
      "X": {
        "item": "of:adamant"
      },
      "B": {
        "item": "of:adamant_block"
      }
    },
    "result": {
      "item": "of:battleaxe_adamant"
    }
  }
}
