{
  "format_version": "1.12",
  "minecraft:recipe_shaped": {
    "description": {
    "identifier": "of:infinity_crystal_blade"
    },

    
    "tags": [ "crafting_table" ],
    "pattern": [
      " # ",
      "222",
      " 1 "
    ],
    "key": {
      "#": {
        "item": "of:infinity_crystal_star"
      },
      "2": {
        "item": "of:infinity_crystal_block"
      },
      "1": {
        "item": "of:infinity_crystal_rod"
      }
    },
    "result": {
      "item": "of:infinity_crystal_blade"
    }
  }
}
