{
  "format_version": "1.12",
  "minecraft:recipe_shaped": {
    "description": {
    "identifier": "of:infinity_crystal_rod"
    },

    
    "tags": [ "crafting_table" ],
    "pattern": [
      "212",
      "2#2",
      "212"
    ],
    "key": {
      "#": {
        "item": "of:compressed_stick"
      },
      "2": {
        "item": "of:infinity_crystal"
      },
      "1": {
        "item": "of:infinity_crystal_star"
      }
    },
    "result": {
      "item": "of:infinity_crystal_rod",
      "count": 1
    }
  }
}
