{
  "format_version": "1.12",
  "minecraft:recipe_shaped": {
    "description": {
    "identifier": "of:infinity_crystal_sword"
    },

    
    "tags": [ "crafting_table" ],
    "pattern": [
      "#",
      "2",
      "1"
    ],
    "key": {
      "#": {
        "item": "of:infinity_crystal"
      },
      "2": {
        "item": "of:infinity_crystal_block"
      },
      "1": {
        "item": "of:infinity_crystal_rod"
      }
    },
    "result": {
      "item": "of:infinity_crystal_sword"
    }
  }
}
