{
  "format_version": "1.10.0",
  "particle_effect": {
    "description": {
      "identifier": "raigen:harvester_status",
      "basic_render_parameters": {
        "material": "particles_alpha",
        "texture": "textures/automaticraft/harvester_status"
      }
    },
    "components": {
      "minecraft:emitter_local_space": {
        "position": true,
        "rotation": true
      },
      "minecraft:emitter_lifetime_expression": {
        "activation_expression": 1,
        "expiration_expression": 0
      },
      "minecraft:particle_lifetime_expression": {
        "activation_expression": 1,
        "expiration_expression": 0
      },
      "minecraft:emitter_shape_point": {
        "offset": [ 0, 1.75, 0 ]
	  },
      "minecraft:emitter_rate_instant": {
        "num_particles": 1
      },        
      "minecraft:particle_appearance_billboard": {
        "size": [ 0.4, 0.4 ],
        "facing_camera_mode": "lookat_xyz",
        "uv": {
          "texture_width": 16,
          "texture_height": 16,
          "uv": [0, 0],
          "uv_size": [16, 16]
        }
      }
    }
  }
}
