{
  "format_version": "1.12",
  "minecraft:recipe_shaped": {
    "description": {
    "identifier": "raigen:auto_disperser_supply"
    },

    "tags": [ "crafting_table" ],
    "pattern": [
      "GGG",
      "GCG",
      "IBI"
    ],
    "key": {
      "G": {
        "item": "raigen:gear"
      },
      "C": {
        "item": "raigen:machine_chasis"
      },
      "I": {
        "item": "minecraft:iron_ingot"
      },
      "B": {
        "item": "raigen:auto_disperser_blueprint"
      }
    },
    "result": {
      "item": "raigen:auto_disperser_supply"
    }
  }
}
