{
  "format_version": "1.12",
  "minecraft:recipe_shaped": {
    "description": {
    "identifier": "raigen:solar_generator_supply"
    },

    "tags": [ "crafting_table" ],
    "pattern": [
      "PSP",
      "PMP",
      "IBI"
    ],
    "key": {
      "M": {
        "item": "raigen:machine_chasis"
      },
      "P": {
        "item": "raigen:solar_panel"
      },
      "I": {
        "item": "minecraft:iron_ingot"
      },
      "B": {
        "item": "raigen:solar_generator_blueprint"
      },
      "S": {
        "item": "raigen:silicon_ingot"
      }
    },
    "result": {
      "item": "raigen:solar_generator_supply"
    }
  }
}
