{"format_version":"1.8.0","minecraft:entity":{"description":{"identifier":"pa:life_orb_boss","is_spawnable":true,"is_summonable":true,"is_experimental":false},"components":{"minecraft:collision_box":{"width":0.5,"height":1.8},"minecraft:attack":{"damage":7},"minecraft:fall_damage":{"value":0.0},"minecraft:movement":{"value":0.23},"minecraft:navigation.walk":{"can_path_over_water":true},"minecraft:movement.basic":{},"minecraft:jump.static":{},"minecraft:can_climb":{},"minecraft:can_fly":{},"minecraft:health":{"value":50,"max":50},"minecraft:follow_range":{"value":48,"max":48},"minecraft:fire_immune":true,"minecraft:behavior.float":{"priority":0},"minecraft:behavior.hurt_by_target":{"priority":1},"minecraft:behavior.melee_attack":{"priority":3,"max_dist":3,"speed_multiplier":1,"random_stop_interval":2.0,"track_target":true},"minecraft:behavior.random_stroll":{"priority":5,"speed_multiplier":1.0},"minecraft:behavior.random_look_around":{"priority":6},"minecraft:type_family":{"family":["monster"]},"minecraft:physics":{},"minecraft:experience_reward":{"on_death":"query.last_hit_by_player ? 30 : 0"},"minecraft:scale":{"value":2,"max":1},"minecraft:boss":{"should_darken_sky":false,"hud_range":125,"name":"Life Orb Boss"},"minecraft:behavior.nearest_attackable_target":{"priority":1,"within_radius":70,"must_reach":false,"entity_types":[{"filters":{"other_with_families":["player","snowgolem","irongolem"]},"max_dist":35,"must_see":false,"walk_speed_multiplier":1.0,"sprint_speed_multiplier":1.0,"within_default":1}],"must_see":false,"speed_multiplier":1.0},"minecraft:behavior.ranged_attack":{"attack_interval_min":1,"attack_interval_max":3,"attack_radius":20,"burst_shots":2,"burst_interval":0.4},"minecraft:shooter":{"type":"Stone Golem Spawn ","def":"pa:stone_golem_spawn"},"minecraft:loot":{"table":"loot_tables/entities/pa:life_orb_boss.json"}},"events":{},"component_groups":null}}