{
  "format_version": "1.10.0",
  "minecraft:entity": {
    "description": {
      "identifier": "pa:spider_egg",
      "is_spawnable": false,
      "is_summonable": true,
      "is_experimental": false,
      "runtime_identifier": "minecraft:snowball"
    },
    "component_groups": {
      "exploding": {
        "minecraft:explode": {
          "fuseLength": 2,
          "power": 4,
          "fuseLit": true,
          "causesFire": false
        }
      }
    },
    "components": {
      "minecraft:collision_box": {
        "width": 0.25,
        "height": 0.25
      },
      "minecraft:projectile": {
        "onHit": {
          "impact_damage": {
            "damage": 3,
            "knockback": true,
            "semi_random_diff_damage": false,
            "destroy_on_hit": true
          },
          "stick_in_ground": {
            "shake_time": 0.35
          },
          "arrow_effect": {},
          "spawn_chance": {
            "firstSpawnChance": 1,
            "secondSpawnChance": 1,
            "firstSpawnCount": 1,
            "secondSpawnCount": 1,
            "spawnMob": "pa:baby_spider",
            "spawnDefinition": "pa:baby_spider",
            "spawnBaby": false
          }
        },
        "power": 1.5,
        "gravity": 0.03,
        "angleoffset": 0.0
      },
      "minecraft:physics": {}
    }
  }
}