{
  "format_version": "1.8.0",
  "minecraft:entity": {
    "description": {
      "identifier": "raigen:auto_disperser",
      "is_spawnable": true,
      "is_summonable": true,
      "is_experimental": false,
	  "runtime_identifier": "minecraft:shulker",
	  "scripts": { "animate": [ "auto_disperser" ] },
	  "animations": { "auto_disperser": "controller.animation.auto_disperser" }
    },
	
	"component_groups": {
	  "minecraft:despawn": {
	    "minecraft:type_family": {
		  "family": [ "despawncito" ]
		},
		"minecraft:spawn_entity": {
		  "min_wait_time": 0,
		  "max_wait_time": 0,
		  "num_to_spawn": 1,
		  "sinlge_use": true,
		  "spawn_item": "raigen:power_canister"
		}
	  },
	  "minecraft:despawn_empty": {
	    "minecraft:type_family": {
		  "family": [ "despawncito" ]
		}
	  },
	  
	  "minecraft:inactive": {
	    "minecraft:skin_id": {
		  "value": 0
		},
	    "minecraft:interact": [
		  {
		    "on_interact": {
			  "filters": {
			    "all_of": [
				  { "test": "is_family", "subject": "other", "value": "player" },
				  { "test": "has_equipment", "subject": "other", "domain": "hand", "value": "raigen:power_source" }
				]
			  },
			  "event": "minecraft:event_zone_small"
			},
			"interact_text": "action.interact.activate",
			"use_item": true,
			"play_sounds": "block.grindstone.use",
			"swing": true
		  },
		  {
		    "on_interact": {
			  "filters": {
			    "all_of": [
				  { "test": "is_family", "subject": "other", "value": "player" }
				],
				"any_of": [
				  { "test": "has_equipment", "subject": "other", "domain": "hand", "value": "raigen:wood_hammer" },
				  { "test": "has_equipment", "subject": "other", "domain": "hand", "value": "raigen:stone_hammer" },
				  { "test": "has_equipment", "subject": "other", "domain": "hand", "value": "raigen:iron_hammer" },
				  { "test": "has_equipment", "subject": "other", "domain": "hand", "value": "raigen:gold_hammer" },
				  { "test": "has_equipment", "subject": "other", "domain": "hand", "value": "raigen:diamond_hammer" },
				  { "test": "has_equipment", "subject": "other", "domain": "hand", "value": "raigen:netherite_hammer" }
				]
			  },
			  "event": "minecraft:event_despawn_empty"
			},
			"interact_text": "action.interact.remove",
			"spawn_items": { "table": "loot_tables/automaticraft/auto_disperser.json" },
			"hurt_item": 1,
			"swing": true,
			"play_sounds": "armor.equip_iron"
		  }
		]
	  },
	  
	  "minecraft:zone_small": {
	    "minecraft:skin_id": {
		  "value": 1
		},
		"minecraft:interact": [
		  {
		    "on_interact": {
			  "filters": {
			    "all_of": [
				  { "test": "is_family", "subject": "other", "value": "player" }
				],
				"any_of": [
				  { "test": "has_equipment", "subject": "other", "domain": "hand", "value": "raigen:wood_wrench" },
				  { "test": "has_equipment", "subject": "other", "domain": "hand", "value": "raigen:stone_wrench" },
				  { "test": "has_equipment", "subject": "other", "domain": "hand", "value": "raigen:iron_wrench" },
				  { "test": "has_equipment", "subject": "other", "domain": "hand", "value": "raigen:gold_wrench" },
				  { "test": "has_equipment", "subject": "other", "domain": "hand", "value": "raigen:diamond_wrench" },
				  { "test": "has_equipment", "subject": "other", "domain": "hand", "value": "raigen:netherite_wrench" }
				]
			  },
			  "event": "minecraft:event_zone_medium"
			},
			"interact_text": "action.interact.rotate",
			"hurt_item": 1,
			"swing": true,
			"play_sounds": "armor.equip_iron"
		  },
		  {
		    "on_interact": {
			  "filters": {
			    "all_of": [
				  { "test": "is_family", "subject": "other", "value": "player" }
				],
				"any_of": [
				  { "test": "has_equipment", "subject": "other", "domain": "hand", "value": "raigen:wood_hammer" },
				  { "test": "has_equipment", "subject": "other", "domain": "hand", "value": "raigen:stone_hammer" },
				  { "test": "has_equipment", "subject": "other", "domain": "hand", "value": "raigen:iron_hammer" },
				  { "test": "has_equipment", "subject": "other", "domain": "hand", "value": "raigen:gold_hammer" },
				  { "test": "has_equipment", "subject": "other", "domain": "hand", "value": "raigen:diamond_hammer" },
				  { "test": "has_equipment", "subject": "other", "domain": "hand", "value": "raigen:netherite_hammer" }
				]
			  },
			  "event": "minecraft:event_despawn"
			},
			"interact_text": "action.interact.remove",
			"spawn_items": { "table": "loot_tables/automaticraft/auto_disperser.json" },
			"hurt_item": 1,
			"swing": true,
			"play_sounds": "armor.equip_iron"
		  }
		]
	  },
	  "minecraft:zone_medium": {
	    "minecraft:skin_id": {
		  "value": 2
		},
		"minecraft:interact": [
		  {
		    "on_interact": {
			  "filters": {
			    "all_of": [
				  { "test": "is_family", "subject": "other", "value": "player" }
				],
				"any_of": [
				  { "test": "has_equipment", "subject": "other", "domain": "hand", "value": "raigen:wood_wrench" },
				  { "test": "has_equipment", "subject": "other", "domain": "hand", "value": "raigen:stone_wrench" },
				  { "test": "has_equipment", "subject": "other", "domain": "hand", "value": "raigen:iron_wrench" },
				  { "test": "has_equipment", "subject": "other", "domain": "hand", "value": "raigen:gold_wrench" },
				  { "test": "has_equipment", "subject": "other", "domain": "hand", "value": "raigen:diamond_wrench" },
				  { "test": "has_equipment", "subject": "other", "domain": "hand", "value": "raigen:netherite_wrench" }
				]
			  },
			  "event": "minecraft:event_zone_large"
			},
			"interact_text": "action.interact.rotate",
			"hurt_item": 1,
			"swing": true,
			"play_sounds": "armor.equip_iron"
		  },
		  {
		    "on_interact": {
			  "filters": {
			    "all_of": [
				  { "test": "is_family", "subject": "other", "value": "player" }
				],
				"any_of": [
				  { "test": "has_equipment", "subject": "other", "domain": "hand", "value": "raigen:wood_hammer" },
				  { "test": "has_equipment", "subject": "other", "domain": "hand", "value": "raigen:stone_hammer" },
				  { "test": "has_equipment", "subject": "other", "domain": "hand", "value": "raigen:iron_hammer" },
				  { "test": "has_equipment", "subject": "other", "domain": "hand", "value": "raigen:gold_hammer" },
				  { "test": "has_equipment", "subject": "other", "domain": "hand", "value": "raigen:diamond_hammer" },
				  { "test": "has_equipment", "subject": "other", "domain": "hand", "value": "raigen:netherite_hammer" }
				]
			  },
			  "event": "minecraft:event_despawn"
			},
			"interact_text": "action.interact.remove",
			"spawn_items": { "table": "loot_tables/automaticraft/auto_disperser.json" },
			"hurt_item": 1,
			"swing": true,
			"play_sounds": "armor.equip_iron"
		  }
		]
	  },
	  "minecraft:zone_large": {
	    "minecraft:skin_id": {
		  "value": 3
		},
		"minecraft:interact": [
		  {
		    "on_interact": {
			  "filters": {
			    "all_of": [
				  { "test": "is_family", "subject": "other", "value": "player" }
				],
				"any_of": [
				  { "test": "has_equipment", "subject": "other", "domain": "hand", "value": "raigen:wood_wrench" },
				  { "test": "has_equipment", "subject": "other", "domain": "hand", "value": "raigen:stone_wrench" },
				  { "test": "has_equipment", "subject": "other", "domain": "hand", "value": "raigen:iron_wrench" },
				  { "test": "has_equipment", "subject": "other", "domain": "hand", "value": "raigen:gold_wrench" },
				  { "test": "has_equipment", "subject": "other", "domain": "hand", "value": "raigen:diamond_wrench" },
				  { "test": "has_equipment", "subject": "other", "domain": "hand", "value": "raigen:netherite_wrench" }
				]
			  },
			  "event": "minecraft:event_zone_small"
			},
			"interact_text": "action.interact.rotate",
			"hurt_item": 1,
			"swing": true,
			"play_sounds": "armor.equip_iron"
		  },
		  {
		    "on_interact": {
			  "filters": {
			    "all_of": [
				  { "test": "is_family", "subject": "other", "value": "player" }
				],
				"any_of": [
				  { "test": "has_equipment", "subject": "other", "domain": "hand", "value": "raigen:wood_hammer" },
				  { "test": "has_equipment", "subject": "other", "domain": "hand", "value": "raigen:stone_hammer" },
				  { "test": "has_equipment", "subject": "other", "domain": "hand", "value": "raigen:iron_hammer" },
				  { "test": "has_equipment", "subject": "other", "domain": "hand", "value": "raigen:gold_hammer" },
				  { "test": "has_equipment", "subject": "other", "domain": "hand", "value": "raigen:diamond_hammer" },
				  { "test": "has_equipment", "subject": "other", "domain": "hand", "value": "raigen:netherite_hammer" }
				]
			  },
			  "event": "minecraft:event_despawn"
			},
			"interact_text": "action.interact.remove",
			"spawn_items": { "table": "loot_tables/automaticraft/auto_disperser.json" },
			"hurt_item": 1,
			"swing": true,
			"play_sounds": "armor.equip_iron"
		  }
		]
	  }
	},
	
	"components": {
	  "minecraft:fire_immune": true,
	  "minecraft:type_family": {
	    "family": [ "inanimate" ]
	  },
	  "minecraft:despawn": {
	    "filters": {
		  "all_of": [
		    { "test": "is_family", "subject": "self", "value": "despawncito" }
		  ]
		}
	  },
	  "minecraft:environment_sensor": [
	    {
		  "on_environment": {
		    "filters": {
			  "all_of": [
			    { "test": "is_altitude", "subject": "self", "operator": "<", "value": 5 }
			  ]
			},
			"event": "minecraft:event_despawn_empty"
		  }
		}
	  ],
	  "minecraft:knockback_resistance": {
	    "value": 1.0
	  },
	  "minecraft:damage_sensor": [
	    {
		  "cause": "any",
		  "deals_damage": false
		}
	  ],
	  "minecraft:loot": {
	    "table": "loot_tables/automaticraft/auto_disperser.json"
	  },
	  "minecraft:health": {
	    "value": 1,
		"max": 1
	  },
	  "minecraft:physics": {},
	  "minecraft:pushable": {
	    "is_pushable": false,
	    "is_pushable_by_piston": false
	  }
	},
	
	"events": {
	  "minecraft:entity_spawned": {
	    "add": { "component_groups": [ "minecraft:inactive" ] }
	  },
	  "minecraft:event_despawn": {
	    "add": { "component_groups": [ "minecraft:despawn" ] }
	  },
	  "minecraft:event_despawn_empty": {
	    "add": { "component_groups": [ "minecraft:despawn_empty" ] }
	  },
	  
	  "minecraft:event_zone_small": {
	    "add": { "component_groups": [ "minecraft:zone_small" ] },
	    "remove": { "component_groups": [ "minecraft:zone_large", "minecraft:inactive" ] }
	  },
	  "minecraft:event_zone_medium": {
	    "add": { "component_groups": [ "minecraft:zone_medium" ] },
	    "remove": { "component_groups": [ "minecraft:zone_small" ] }
	  },
	  "minecraft:event_zone_large": {
	    "add": { "component_groups": [ "minecraft:zone_large" ] },
	    "remove": { "component_groups": [ "minecraft:zone_medium" ] }
	  }
	}
  }
}