{
  "format_version": "1.8.0",
  "minecraft:entity": {
	"description": {
      "identifier": "raigen:item_ground_automaticraft",
      "is_spawnable": true,
      "is_summonable": true,
      "is_experimental": false
    },
	
	"component_groups": {
	  "minecraft:default": {
	    "minecraft:variant": {
		  "value": 0
		},
		"minecraft:interact": [
		  { "on_interact": { "filters": { "all_of": [ { "test": "has_equipment", "subject": "other", "domain": "hand", "value": "raigen:auto_collector_blueprint"}, { "test" :  "is_family", "subject" : "other", "value" :  "player"} ] }, "event": "minecraft:event_auto_collector_blueprint" }, "use_item": true, "play_sounds": "plop", "interact_text": "action.interact.place" },
		  { "on_interact": { "filters": { "all_of": [ { "test": "has_equipment", "subject": "other", "domain": "hand", "value": "raigen:auto_disperser_blueprint"}, { "test" :  "is_family", "subject" : "other", "value" :  "player"} ] }, "event": "minecraft:event_auto_disperser_blueprint" }, "use_item": true, "play_sounds": "plop", "interact_text": "action.interact.place" },
		  { "on_interact": { "filters": { "all_of": [ { "test": "has_equipment", "subject": "other", "domain": "hand", "value": "raigen:auto_harvester_blueprint"}, { "test" :  "is_family", "subject" : "other", "value" :  "player"} ] }, "event": "minecraft:event_auto_harvester_blueprint" }, "use_item": true, "play_sounds": "plop", "interact_text": "action.interact.place" },
		  { "on_interact": { "filters": { "all_of": [ { "test": "has_equipment", "subject": "other", "domain": "hand", "value": "raigen:diamond_hammer"}, { "test" :  "is_family", "subject" : "other", "value" :  "player"} ] }, "event": "minecraft:event_diamond_hammer" }, "use_item": true, "play_sounds": "plop", "interact_text": "action.interact.place" },
		  { "on_interact": { "filters": { "all_of": [ { "test": "has_equipment", "subject": "other", "domain": "hand", "value": "raigen:diamond_wrench"}, { "test" :  "is_family", "subject" : "other", "value" :  "player"} ] }, "event": "minecraft:event_diamond_wrench" }, "use_item": true, "play_sounds": "plop", "interact_text": "action.interact.place" },
		  { "on_interact": { "filters": { "all_of": [ { "test": "has_equipment", "subject": "other", "domain": "hand", "value": "raigen:gear"}, { "test" :  "is_family", "subject" : "other", "value" :  "player"} ] }, "event": "minecraft:event_gear" }, "use_item": true, "play_sounds": "plop", "interact_text": "action.interact.place" },
		  { "on_interact": { "filters": { "all_of": [ { "test": "has_equipment", "subject": "other", "domain": "hand", "value": "raigen:gold_hammer"}, { "test" :  "is_family", "subject" : "other", "value" :  "player"} ] }, "event": "minecraft:event_gold_hammer" }, "use_item": true, "play_sounds": "plop", "interact_text": "action.interact.place" },
		  { "on_interact": { "filters": { "all_of": [ { "test": "has_equipment", "subject": "other", "domain": "hand", "value": "raigen:gold_wrench"}, { "test" :  "is_family", "subject" : "other", "value" :  "player"} ] }, "event": "minecraft:event_gold_wrench" }, "use_item": true, "play_sounds": "plop", "interact_text": "action.interact.place" },
		  { "on_interact": { "filters": { "all_of": [ { "test": "has_equipment", "subject": "other", "domain": "hand", "value": "raigen:iron_hammer"}, { "test" :  "is_family", "subject" : "other", "value" :  "player"} ] }, "event": "minecraft:event_iron_hammer" }, "use_item": true, "play_sounds": "plop", "interact_text": "action.interact.place" },
		  { "on_interact": { "filters": { "all_of": [ { "test": "has_equipment", "subject": "other", "domain": "hand", "value": "raigen:iron_wrench"}, { "test" :  "is_family", "subject" : "other", "value" :  "player"} ] }, "event": "minecraft:event_iron_wrench" }, "use_item": true, "play_sounds": "plop", "interact_text": "action.interact.place" },
		  { "on_interact": { "filters": { "all_of": [ { "test": "has_equipment", "subject": "other", "domain": "hand", "value": "raigen:item_shredder_blueprint"}, { "test" :  "is_family", "subject" : "other", "value" :  "player"} ] }, "event": "minecraft:event_item_shredder_blueprint" }, "use_item": true, "play_sounds": "plop", "interact_text": "action.interact.place" },
		  { "on_interact": { "filters": { "all_of": [ { "test": "has_equipment", "subject": "other", "domain": "hand", "value": "raigen:lunar_generator_blueprint"}, { "test" :  "is_family", "subject" : "other", "value" :  "player"} ] }, "event": "minecraft:event_lunar_generator_blueprint" }, "use_item": true, "play_sounds": "plop", "interact_text": "action.interact.place" },
		  { "on_interact": { "filters": { "all_of": [ { "test": "has_equipment", "subject": "other", "domain": "hand", "value": "raigen:lunar_panel"}, { "test" :  "is_family", "subject" : "other", "value" :  "player"} ] }, "event": "minecraft:event_lunar_panel" }, "use_item": true, "play_sounds": "plop", "interact_text": "action.interact.place" },
		  { "on_interact": { "filters": { "all_of": [ { "test": "has_equipment", "subject": "other", "domain": "hand", "value": "raigen:machine_chasis"}, { "test" :  "is_family", "subject" : "other", "value" :  "player"} ] }, "event": "minecraft:event_machine_chasis" }, "use_item": true, "play_sounds": "plop", "interact_text": "action.interact.place" },
		  { "on_interact": { "filters": { "all_of": [ { "test": "has_equipment", "subject": "other", "domain": "hand", "value": "raigen:netherite_hammer"}, { "test" :  "is_family", "subject" : "other", "value" :  "player"} ] }, "event": "minecraft:event_netherite_hammer" }, "use_item": true, "play_sounds": "plop", "interact_text": "action.interact.place" },
		  { "on_interact": { "filters": { "all_of": [ { "test": "has_equipment", "subject": "other", "domain": "hand", "value": "raigen:netherite_wrench"}, { "test" :  "is_family", "subject" : "other", "value" :  "player"} ] }, "event": "minecraft:event_netherite_wrench" }, "use_item": true, "play_sounds": "plop", "interact_text": "action.interact.place" },
		  { "on_interact": { "filters": { "all_of": [ { "test": "has_equipment", "subject": "other", "domain": "hand", "value": "raigen:scrap_matter"}, { "test" :  "is_family", "subject" : "other", "value" :  "player"} ] }, "event": "minecraft:event_scrap_matter" }, "use_item": true, "play_sounds": "plop", "interact_text": "action.interact.place" },
		  { "on_interact": { "filters": { "all_of": [ { "test": "has_equipment", "subject": "other", "domain": "hand", "value": "raigen:silicon_crystal"}, { "test" :  "is_family", "subject" : "other", "value" :  "player"} ] }, "event": "minecraft:event_silicon_crystal" }, "use_item": true, "play_sounds": "plop", "interact_text": "action.interact.place" },
		  { "on_interact": { "filters": { "all_of": [ { "test": "has_equipment", "subject": "other", "domain": "hand", "value": "raigen:silicon_ingot"}, { "test" :  "is_family", "subject" : "other", "value" :  "player"} ] }, "event": "minecraft:event_silicon_ingot" }, "use_item": true, "play_sounds": "plop", "interact_text": "action.interact.place" },
		  { "on_interact": { "filters": { "all_of": [ { "test": "has_equipment", "subject": "other", "domain": "hand", "value": "raigen:solar_generator_blueprint"}, { "test" :  "is_family", "subject" : "other", "value" :  "player"} ] }, "event": "minecraft:event_solar_generator_blueprint" }, "use_item": true, "play_sounds": "plop", "interact_text": "action.interact.place" },
		  { "on_interact": { "filters": { "all_of": [ { "test": "has_equipment", "subject": "other", "domain": "hand", "value": "raigen:solar_panel"}, { "test" :  "is_family", "subject" : "other", "value" :  "player"} ] }, "event": "minecraft:event_solar_panel" }, "use_item": true, "play_sounds": "plop", "interact_text": "action.interact.place" },
		  { "on_interact": { "filters": { "all_of": [ { "test": "has_equipment", "subject": "other", "domain": "hand", "value": "raigen:stone_hammer"}, { "test" :  "is_family", "subject" : "other", "value" :  "player"} ] }, "event": "minecraft:event_stone_hammer" }, "use_item": true, "play_sounds": "plop", "interact_text": "action.interact.place" },
		  { "on_interact": { "filters": { "all_of": [ { "test": "has_equipment", "subject": "other", "domain": "hand", "value": "raigen:stone_wrench"}, { "test" :  "is_family", "subject" : "other", "value" :  "player"} ] }, "event": "minecraft:event_stone_wrench" }, "use_item": true, "play_sounds": "plop", "interact_text": "action.interact.place" },
		  { "on_interact": { "filters": { "all_of": [ { "test": "has_equipment", "subject": "other", "domain": "hand", "value": "raigen:sylex_crystal"}, { "test" :  "is_family", "subject" : "other", "value" :  "player"} ] }, "event": "minecraft:event_sylex_crystal" }, "use_item": true, "play_sounds": "plop", "interact_text": "action.interact.place" },
		  { "on_interact": { "filters": { "all_of": [ { "test": "has_equipment", "subject": "other", "domain": "hand", "value": "raigen:sylex_ingot"}, { "test" :  "is_family", "subject" : "other", "value" :  "player"} ] }, "event": "minecraft:event_sylex_ingot" }, "use_item": true, "play_sounds": "plop", "interact_text": "action.interact.place" },
		  { "on_interact": { "filters": { "all_of": [ { "test": "has_equipment", "subject": "other", "domain": "hand", "value": "raigen:wood_hammer"}, { "test" :  "is_family", "subject" : "other", "value" :  "player"} ] }, "event": "minecraft:event_wood_hammer" }, "use_item": true, "play_sounds": "plop", "interact_text": "action.interact.place" },
		  { "on_interact": { "filters": { "all_of": [ { "test": "has_equipment", "subject": "other", "domain": "hand", "value": "raigen:wood_wrench"}, { "test" :  "is_family", "subject" : "other", "value" :  "player"} ] }, "event": "minecraft:event_wood_wrench" }, "use_item": true, "play_sounds": "plop", "interact_text": "action.interact.place" }
		]
	  },
	  
	  "minecraft:auto_collector_blueprint": {
	    "minecraft:variant": {
		  "value": 1
		},
		"minecraft:loot": {
		  "table": "loot_tables/automaticraft/item_ground_automaticraft/auto_collector_blueprint.json"
		}
	  },
	  "minecraft:auto_disperser_blueprint": {
	    "minecraft:variant": {
		  "value": 2
		},
		"minecraft:loot": {
		  "table": "loot_tables/automaticraft/item_ground_automaticraft/auto_disperser_blueprint.json"
		}
	  },
	  "minecraft:auto_harvester_blueprint": {
	    "minecraft:variant": {
		  "value": 3
		},
		"minecraft:loot": {
		  "table": "loot_tables/automaticraft/item_ground_automaticraft/auto_harvester_blueprint.json"
		}
	  },
	  "minecraft:diamond_hammer": {
	    "minecraft:variant": {
		  "value": 4
		},
		"minecraft:loot": {
		  "table": "loot_tables/automaticraft/item_ground_automaticraft/diamond_hammer.json"
		}
	  },
	  "minecraft:diamond_wrench": {
	    "minecraft:variant": {
		  "value": 5
		},
		"minecraft:loot": {
		  "table": "loot_tables/automaticraft/item_ground_automaticraft/diamond_wrench.json"
		}
	  },
	  "minecraft:gear": {
	    "minecraft:variant": {
		  "value": 6
		},
		"minecraft:loot": {
		  "table": "loot_tables/automaticraft/item_ground_automaticraft/gear.json"
		}
	  },
	  "minecraft:gold_hammer": {
	    "minecraft:variant": {
		  "value": 7
		},
		"minecraft:loot": {
		  "table": "loot_tables/automaticraft/item_ground_automaticraft/gold_hammer.json"
		}
	  },
	  "minecraft:gold_wrench": {
	    "minecraft:variant": {
		  "value": 8
		},
		"minecraft:loot": {
		  "table": "loot_tables/automaticraft/item_ground_automaticraft/gold_wrench.json"
		}
	  },
	  "minecraft:iron_hammer": {
	    "minecraft:variant": {
		  "value": 9
		},
		"minecraft:loot": {
		  "table": "loot_tables/automaticraft/item_ground_automaticraft/iron_hammer.json"
		}
	  },
	  "minecraft:iron_wrench": {
	    "minecraft:variant": {
		  "value": 10
		},
		"minecraft:loot": {
		  "table": "loot_tables/automaticraft/item_ground_automaticraft/iron_wrench.json"
		}
	  },
	  "minecraft:item_shredder_blueprint": {
	    "minecraft:variant": {
		  "value": 11
		},
		"minecraft:loot": {
		  "table": "loot_tables/automaticraft/item_ground_automaticraft/item_shredder_blueprint.json"
		}
	  },
	  "minecraft:lunar_generator_blueprint": {
	    "minecraft:variant": {
		  "value": 12
		},
		"minecraft:loot": {
		  "table": "loot_tables/automaticraft/item_ground_automaticraft/lunar_generator_blueprint.json"
		}
	  },
	  "minecraft:lunar_panel": {
	    "minecraft:variant": {
		  "value": 13
		},
		"minecraft:loot": {
		  "table": "loot_tables/automaticraft/item_ground_automaticraft/lunar_panel.json"
		}
	  },
	  "minecraft:machine_chasis": {
	    "minecraft:variant": {
		  "value": 14
		},
		"minecraft:loot": {
		  "table": "loot_tables/automaticraft/item_ground_automaticraft/machine_chasis.json"
		}
	  },
	  "minecraft:netherite_hammer": {
	    "minecraft:variant": {
		  "value": 15
		},
		"minecraft:loot": {
		  "table": "loot_tables/automaticraft/item_ground_automaticraft/netherite_hammer.json"
		}
	  },
	  "minecraft:netherite_wrench": {
	    "minecraft:variant": {
		  "value": 16
		},
		"minecraft:loot": {
		  "table": "loot_tables/automaticraft/item_ground_automaticraft/netherite_wrench.json"
		}
	  },
	  "minecraft:scrap_matter": {
	    "minecraft:variant": {
		  "value": 17
		},
		"minecraft:loot": {
		  "table": "loot_tables/automaticraft/item_ground_automaticraft/scrap_matter.json"
		}
	  },
	  "minecraft:silicon_crystal": {
	    "minecraft:variant": {
		  "value": 18
		},
		"minecraft:loot": {
		  "table": "loot_tables/automaticraft/item_ground_automaticraft/silicon_crystal.json"
		}
	  },
	  "minecraft:silicon_ingot": {
	    "minecraft:variant": {
		  "value": 19
		},
		"minecraft:loot": {
		  "table": "loot_tables/automaticraft/item_ground_automaticraft/silicon_ingot.json"
		}
	  },
	  "minecraft:solar_generator_blueprint": {
	    "minecraft:variant": {
		  "value": 20
		},
		"minecraft:loot": {
		  "table": "loot_tables/automaticraft/item_ground_automaticraft/solar_generator_blueprint.json"
		}
	  },
	  "minecraft:solar_panel": {
	    "minecraft:variant": {
		  "value": 21
		},
		"minecraft:loot": {
		  "table": "loot_tables/automaticraft/item_ground_automaticraft/solar_panel.json"
		}
	  },
	  "minecraft:stone_hammer": {
	    "minecraft:variant": {
		  "value": 22
		},
		"minecraft:loot": {
		  "table": "loot_tables/automaticraft/item_ground_automaticraft/stone_hammer.json"
		}
	  },
	  "minecraft:stone_wrench": {
	    "minecraft:variant": {
		  "value": 23
		},
		"minecraft:loot": {
		  "table": "loot_tables/automaticraft/item_ground_automaticraft/stone_wrench.json"
		}
	  },
	  "minecraft:sylex_crystal": {
	    "minecraft:variant": {
		  "value": 24
		},
		"minecraft:loot": {
		  "table": "loot_tables/automaticraft/item_ground_automaticraft/sylex_crystal.json"
		}
	  },
	  "minecraft:sylex_ingot": {
	    "minecraft:variant": {
		  "value": 25
		},
		"minecraft:loot": {
		  "table": "loot_tables/automaticraft/item_ground_automaticraft/sylex_ingot.json"
		}
	  },
	  "minecraft:wood_hammer": {
	    "minecraft:variant": {
		  "value": 26
		},
		"minecraft:loot": {
		  "table": "loot_tables/automaticraft/item_ground_automaticraft/wood_hammer.json"
		}
	  },
	  "minecraft:wood_wrench": {
	    "minecraft:variant": {
		  "value": 27
		},
		"minecraft:loot": {
		  "table": "loot_tables/automaticraft/item_ground_automaticraft/wood_wrench.json"
		}
	  },
	  
	  "minecraft:despawn": {
		"minecraft:scale": {
		  "value": 0.000000000000001
		}
	  }
	},
	
    "components": {
      "minecraft:type_family": {
        "family": [ "inanimate" ]
      },
      "minecraft:push_through": {
        "value": 1
      },
      "minecraft:collision_box": {
        "width": 0.1,
        "height": 0.1
      },
      "minecraft:knockback_resistance": {
        "value": 1.0
      },
	  "minecraft:damage_sensor": [
	    {
		  "on_damage": {
		    "filters": {
			  "all_of": [
			    {"test": "has_damage", "value": "fatal"}
			  ]
			},
			"event": "minecraft:event_despawn"
		  }
		}
	  ],
      "minecraft:health": {
        "value": 1
	  },
      "minecraft:is_stackable": {},
      "minecraft:fall_damage": {
        "value": 0.0
      },
      "minecraft:behavior.float": {
        "priority": 0
      },
	  "minecraft:physics": {
	  }
    },
	
	"events": {
	  "minecraft:entity_spawned": {
	    "add": {
		  "component_groups": [ "minecraft:default" ]
		}
	  },
	  "minecraft:event_despawn": {
	    "add": {
		  "component_groups": [ "minecraft:despawn" ]
		}
	  },
	  
	  "minecraft:event_auto_collector_blueprint": { "add": { "component_groups": [ "minecraft:auto_collector_blueprint" ] }, "remove": { "component_groups": [ "minecraft:default" ] } },
	  "minecraft:event_auto_disperser_blueprint": { "add": { "component_groups": [ "minecraft:auto_disperser_blueprint" ] }, "remove": { "component_groups": [ "minecraft:default" ] } },
	  "minecraft:event_auto_harvester_blueprint": { "add": { "component_groups": [ "minecraft:auto_harvester_blueprint" ] }, "remove": { "component_groups": [ "minecraft:default" ] } },
	  "minecraft:event_diamond_hammer": { "add": { "component_groups": [ "minecraft:diamond_hammer" ] }, "remove": { "component_groups": [ "minecraft:default" ] } },
	  "minecraft:event_diamond_wrench": { "add": { "component_groups": [ "minecraft:diamond_wrench" ] }, "remove": { "component_groups": [ "minecraft:default" ] } },
	  "minecraft:event_gear": { "add": { "component_groups": [ "minecraft:gear" ] }, "remove": { "component_groups": [ "minecraft:default" ] } },
	  "minecraft:event_gold_hammer": { "add": { "component_groups": [ "minecraft:gold_hammer" ] }, "remove": { "component_groups": [ "minecraft:default" ] } },
	  "minecraft:event_gold_wrench": { "add": { "component_groups": [ "minecraft:gold_wrench" ] }, "remove": { "component_groups": [ "minecraft:default" ] } },
	  "minecraft:event_iron_hammer": { "add": { "component_groups": [ "minecraft:iron_hammer" ] }, "remove": { "component_groups": [ "minecraft:default" ] } },
	  "minecraft:event_iron_wrench": { "add": { "component_groups": [ "minecraft:iron_wrench" ] }, "remove": { "component_groups": [ "minecraft:default" ] } },
	  "minecraft:event_item_shredder_blueprint": { "add": { "component_groups": [ "minecraft:item_shredder_blueprint" ] }, "remove": { "component_groups": [ "minecraft:default" ] } },
	  "minecraft:event_lunar_generator_blueprint": { "add": { "component_groups": [ "minecraft:lunar_generator_blueprint" ] }, "remove": { "component_groups": [ "minecraft:default" ] } },
	  "minecraft:event_lunar_panel": { "add": { "component_groups": [ "minecraft:lunar_panel" ] }, "remove": { "component_groups": [ "minecraft:default" ] } },
	  "minecraft:event_machine_chasis": { "add": { "component_groups": [ "minecraft:machine_chasis" ] }, "remove": { "component_groups": [ "minecraft:default" ] } },
	  "minecraft:event_netherite_hammer": { "add": { "component_groups": [ "minecraft:netherite_hammer" ] }, "remove": { "component_groups": [ "minecraft:default" ] } },
	  "minecraft:event_netherite_wrench": { "add": { "component_groups": [ "minecraft:netherite_wrench" ] }, "remove": { "component_groups": [ "minecraft:default" ] } },
	  "minecraft:event_scrap_matter": { "add": { "component_groups": [ "minecraft:scrap_matter" ] }, "remove": { "component_groups": [ "minecraft:default" ] } },
	  "minecraft:event_silicon_crystal": { "add": { "component_groups": [ "minecraft:silicon_crystal" ] }, "remove": { "component_groups": [ "minecraft:default" ] } },
	  "minecraft:event_silicon_ingot": { "add": { "component_groups": [ "minecraft:silicon_ingot" ] }, "remove": { "component_groups": [ "minecraft:default" ] } },
	  "minecraft:event_solar_generator_blueprint": { "add": { "component_groups": [ "minecraft:solar_generator_blueprint" ] }, "remove": { "component_groups": [ "minecraft:default" ] } },
	  "minecraft:event_solar_panel": { "add": { "component_groups": [ "minecraft:solar_panel" ] }, "remove": { "component_groups": [ "minecraft:default" ] } },
	  "minecraft:event_stone_hammer": { "add": { "component_groups": [ "minecraft:stone_hammer" ] }, "remove": { "component_groups": [ "minecraft:default" ] } },
	  "minecraft:event_stone_wrench": { "add": { "component_groups": [ "minecraft:stone_wrench" ] }, "remove": { "component_groups": [ "minecraft:default" ] } },
	  "minecraft:event_sylex_crystal": { "add": { "component_groups": [ "minecraft:sylex_crystal" ] }, "remove": { "component_groups": [ "minecraft:default" ] } },
	  "minecraft:event_sylex_ingot": { "add": { "component_groups": [ "minecraft:sylex_ingot" ] }, "remove": { "component_groups": [ "minecraft:default" ] } },
	  "minecraft:event_wood_hammer": { "add": { "component_groups": [ "minecraft:wood_hammer" ] }, "remove": { "component_groups": [ "minecraft:default" ] } },
	  "minecraft:event_wood_wrench": { "add": { "component_groups": [ "minecraft:wood_wrench" ] }, "remove": { "component_groups": [ "minecraft:default" ] } }
	}
  }
}