{
  "format_version": "1.8.0",
  "minecraft:entity": {
    "description": {
      "identifier": "raigen:solar_generator",
      "is_spawnable": true,
      "is_summonable": true,
      "is_experimental": false,
	  "runtime_identifier": "minecraft:shulker",
	  "scripts": { "animate": [ "solar_generator" ] },
	  "animations": { "solar_generator": "controller.animation.solar_generator" }
    },
	
	"component_groups": {
	  "minecraft:despawn": {
	    "minecraft:type_family": {
		  "family": [ "despawncito" ]
		}
	  },
	  
	  "minecraft:zone_north": {
	    "minecraft:skin_id": { "value": 0 },
		"minecraft:interact": [
		  {
		    "on_interact": {
			  "filters": {
			    "all_of": [
				  { "test": "is_family", "subject": "other", "value": "player" }
				],
				"any_of": [
				  { "test": "has_equipment", "subject": "other", "domain": "hand", "value": "raigen:wood_wrench" },
				  { "test": "has_equipment", "subject": "other", "domain": "hand", "value": "raigen:stone_wrench" },
				  { "test": "has_equipment", "subject": "other", "domain": "hand", "value": "raigen:iron_wrench" },
				  { "test": "has_equipment", "subject": "other", "domain": "hand", "value": "raigen:gold_wrench" },
				  { "test": "has_equipment", "subject": "other", "domain": "hand", "value": "raigen:diamond_wrench" },
				  { "test": "has_equipment", "subject": "other", "domain": "hand", "value": "raigen:netherite_wrench" }
				]
			  },
			  "event": "minecraft:event_zone_east"
			},
			"interact_text": "action.interact.rotate",
			"hurt_item": 1,
			"swing": true,
			"play_sounds": "armor.equip_iron"
		  },
		  {
		    "on_interact": {
			  "filters": {
			    "all_of": [
				  { "test": "is_family", "subject": "other", "value": "player" }
				],
				"any_of": [
				  { "test": "has_equipment", "subject": "other", "domain": "hand", "value": "raigen:wood_hammer" },
				  { "test": "has_equipment", "subject": "other", "domain": "hand", "value": "raigen:stone_hammer" },
				  { "test": "has_equipment", "subject": "other", "domain": "hand", "value": "raigen:iron_hammer" },
				  { "test": "has_equipment", "subject": "other", "domain": "hand", "value": "raigen:gold_hammer" },
				  { "test": "has_equipment", "subject": "other", "domain": "hand", "value": "raigen:diamond_hammer" },
				  { "test": "has_equipment", "subject": "other", "domain": "hand", "value": "raigen:netherite_hammer" }
				]
			  },
			  "event": "minecraft:event_despawn"
			},
			"interact_text": "action.interact.remove",
			"spawn_items": { "table": "loot_tables/automaticraft/solar_generator.json" },
			"hurt_item": 1,
			"swing": true,
			"play_sounds": "armor.equip_iron"
		  }
		]
	  },
	  
	  "minecraft:zone_east": {
	    "minecraft:skin_id": { "value": 1 },
		"minecraft:interact": [
		  {
		    "on_interact": {
			  "filters": {
			    "all_of": [
				  { "test": "is_family", "subject": "other", "value": "player" }
				],
				"any_of": [
				  { "test": "has_equipment", "subject": "other", "domain": "hand", "value": "raigen:wood_wrench" },
				  { "test": "has_equipment", "subject": "other", "domain": "hand", "value": "raigen:stone_wrench" },
				  { "test": "has_equipment", "subject": "other", "domain": "hand", "value": "raigen:iron_wrench" },
				  { "test": "has_equipment", "subject": "other", "domain": "hand", "value": "raigen:gold_wrench" },
				  { "test": "has_equipment", "subject": "other", "domain": "hand", "value": "raigen:diamond_wrench" },
				  { "test": "has_equipment", "subject": "other", "domain": "hand", "value": "raigen:netherite_wrench" }
				]
			  },
			  "event": "minecraft:event_zone_south"
			},
			"interact_text": "action.interact.rotate",
			"hurt_item": 1,
			"swing": true,
			"play_sounds": "armor.equip_iron"
		  },
		  {
		    "on_interact": {
			  "filters": {
			    "all_of": [
				  { "test": "is_family", "subject": "other", "value": "player" }
				],
				"any_of": [
				  { "test": "has_equipment", "subject": "other", "domain": "hand", "value": "raigen:wood_hammer" },
				  { "test": "has_equipment", "subject": "other", "domain": "hand", "value": "raigen:stone_hammer" },
				  { "test": "has_equipment", "subject": "other", "domain": "hand", "value": "raigen:iron_hammer" },
				  { "test": "has_equipment", "subject": "other", "domain": "hand", "value": "raigen:gold_hammer" },
				  { "test": "has_equipment", "subject": "other", "domain": "hand", "value": "raigen:diamond_hammer" },
				  { "test": "has_equipment", "subject": "other", "domain": "hand", "value": "raigen:netherite_hammer" }
				]
			  },
			  "event": "minecraft:event_despawn"
			},
			"interact_text": "action.interact.remove",
			"spawn_items": { "table": "loot_tables/automaticraft/solar_generator.json" },
			"hurt_item": 1,
			"swing": true,
			"play_sounds": "armor.equip_iron"
		  }
		]
	  },
	  
	  "minecraft:zone_south": {
	    "minecraft:skin_id": { "value": 2 },
		"minecraft:interact": [
		  {
		    "on_interact": {
			  "filters": {
			    "all_of": [
				  { "test": "is_family", "subject": "other", "value": "player" }
				],
				"any_of": [
				  { "test": "has_equipment", "subject": "other", "domain": "hand", "value": "raigen:wood_wrench" },
				  { "test": "has_equipment", "subject": "other", "domain": "hand", "value": "raigen:stone_wrench" },
				  { "test": "has_equipment", "subject": "other", "domain": "hand", "value": "raigen:iron_wrench" },
				  { "test": "has_equipment", "subject": "other", "domain": "hand", "value": "raigen:gold_wrench" },
				  { "test": "has_equipment", "subject": "other", "domain": "hand", "value": "raigen:diamond_wrench" },
				  { "test": "has_equipment", "subject": "other", "domain": "hand", "value": "raigen:netherite_wrench" }
				]
			  },
			  "event": "minecraft:event_zone_west"
			},
			"interact_text": "action.interact.rotate",
			"hurt_item": 1,
			"swing": true,
			"play_sounds": "armor.equip_iron"
		  },
		  {
		    "on_interact": {
			  "filters": {
			    "all_of": [
				  { "test": "is_family", "subject": "other", "value": "player" }
				],
				"any_of": [
				  { "test": "has_equipment", "subject": "other", "domain": "hand", "value": "raigen:wood_hammer" },
				  { "test": "has_equipment", "subject": "other", "domain": "hand", "value": "raigen:stone_hammer" },
				  { "test": "has_equipment", "subject": "other", "domain": "hand", "value": "raigen:iron_hammer" },
				  { "test": "has_equipment", "subject": "other", "domain": "hand", "value": "raigen:gold_hammer" },
				  { "test": "has_equipment", "subject": "other", "domain": "hand", "value": "raigen:diamond_hammer" },
				  { "test": "has_equipment", "subject": "other", "domain": "hand", "value": "raigen:netherite_hammer" }
				]
			  },
			  "event": "minecraft:event_despawn"
			},
			"interact_text": "action.interact.remove",
			"spawn_items": { "table": "loot_tables/automaticraft/solar_generator.json" },
			"hurt_item": 1,
			"swing": true,
			"play_sounds": "armor.equip_iron"
		  }
		]
	  },
	  
	  "minecraft:zone_west": {
	    "minecraft:skin_id": { "value": 3 },
		"minecraft:interact": [
		  {
		    "on_interact": {
			  "filters": {
			    "all_of": [
				  { "test": "is_family", "subject": "other", "value": "player" }
				],
				"any_of": [
				  { "test": "has_equipment", "subject": "other", "domain": "hand", "value": "raigen:wood_wrench" },
				  { "test": "has_equipment", "subject": "other", "domain": "hand", "value": "raigen:stone_wrench" },
				  { "test": "has_equipment", "subject": "other", "domain": "hand", "value": "raigen:iron_wrench" },
				  { "test": "has_equipment", "subject": "other", "domain": "hand", "value": "raigen:gold_wrench" },
				  { "test": "has_equipment", "subject": "other", "domain": "hand", "value": "raigen:diamond_wrench" },
				  { "test": "has_equipment", "subject": "other", "domain": "hand", "value": "raigen:netherite_wrench" }
				]
			  },
			  "event": "minecraft:event_zone_north"
			},
			"interact_text": "action.interact.rotate",
			"hurt_item": 1,
			"swing": true,
			"play_sounds": "armor.equip_iron"
		  },
		  {
		    "on_interact": {
			  "filters": {
			    "all_of": [
				  { "test": "is_family", "subject": "other", "value": "player" }
				],
				"any_of": [
				  { "test": "has_equipment", "subject": "other", "domain": "hand", "value": "raigen:wood_hammer" },
				  { "test": "has_equipment", "subject": "other", "domain": "hand", "value": "raigen:stone_hammer" },
				  { "test": "has_equipment", "subject": "other", "domain": "hand", "value": "raigen:iron_hammer" },
				  { "test": "has_equipment", "subject": "other", "domain": "hand", "value": "raigen:gold_hammer" },
				  { "test": "has_equipment", "subject": "other", "domain": "hand", "value": "raigen:diamond_hammer" },
				  { "test": "has_equipment", "subject": "other", "domain": "hand", "value": "raigen:netherite_hammer" }
				]
			  },
			  "event": "minecraft:event_despawn"
			},
			"interact_text": "action.interact.remove",
			"spawn_items": { "table": "loot_tables/automaticraft/solar_generator.json" },
			"hurt_item": 1,
			"swing": true,
			"play_sounds": "armor.equip_iron"
		  }
		]
	  },
	  
	  "minecraft:normal": {
	    "minecraft:mark_variant": { "value": 0 },
		"minecraft:environment_sensor": [
		  {
		    "on_environment": {
			  "filters": {
			    "all_of": [
				  { "test": "is_daytime", "subject": "self", "value": true }
				]
			  },
			  "event": "minecraft:event_charge_to_min"
			}
		  }
		]
	  },
	  
	  "minecraft:charge_to_min": {
	    "minecraft:mark_variant": { "value": 1 },
		"minecraft:timer": {
		  "looping": false,
		  "randomInterval": false,
		  "time": 15.0,
		  "time_down_event": {
		    "event": "minecraft:event_charge_to_med"
		  }
		},
		"minecraft:environment_sensor": [
		  {
		    "on_environment": {
			  "filters": {
			    "all_of": [
				  { "test": "is_daytime", "subject": "self", "value": false }
				]
			  },
			  "event": "minecraft:event_normal"
			}
		  }
		]
	  },
	  "minecraft:charge_to_med": {
	    "minecraft:mark_variant": { "value": 2 },
		"minecraft:timer": {
		  "looping": false,
		  "randomInterval": false,
		  "time": 15.0,
		  "time_down_event": {
		    "event": "minecraft:event_charge_to_max"
		  }
		},
		"minecraft:environment_sensor": [
		  {
		    "on_environment": {
			  "filters": {
			    "all_of": [
				  { "test": "is_daytime", "subject": "self", "value": false }
				]
			  },
			  "event": "minecraft:event_normal"
			}
		  }
		]
	  },
	  "minecraft:charge_to_max": {
	    "minecraft:mark_variant": { "value": 3 },
		"minecraft:timer": {
		  "looping": false,
		  "randomInterval": false,
		  "time": 15.0,
		  "time_down_event": {
		    "event": "minecraft:event_reset_charge"
		  }
		},
		"minecraft:environment_sensor": [
		  {
		    "on_environment": {
			  "filters": {
			    "all_of": [
				  { "test": "is_daytime", "subject": "self", "value": false }
				]
			  },
			  "event": "minecraft:event_reset_charge"
			}
		  }
		]
	  },
	  "minecraft:reset_charge": {
	    "minecraft:mark_variant": { "value": 4 },
		"minecraft:timer": {
		  "looping": false,
		  "randomInterval": false,
		  "time": 15.0,
		  "time_down_event": {
		    "event": "minecraft:event_charge_to_min"
		  }
		},
		"minecraft:environment_sensor": [
		  {
		    "on_environment": {
			  "filters": {
			    "all_of": [
				  { "test": "is_daytime", "subject": "self", "value": false }
				]
			  },
			  "event": "minecraft:event_normal"
			}
		  }
		]
	  }
	},
	
	"components": {
	  "minecraft:fire_immune": true,
	  "minecraft:type_family": {
	    "family": [ "inanimate" ]
	  },
	  "minecraft:despawn": {
	    "filters": {
		  "all_of": [
		    { "test": "is_family", "subject": "self", "value": "despawncito" }
		  ]
		}
	  },
	  "minecraft:environment_sensor": [
	    {
		  "on_environment": {
		    "filters": {
			  "all_of": [
			    { "test": "is_altitude", "subject": "self", "operator": "<", "value": 5 }
			  ]
			},
			"event": "minecraft:event_despawn"
		  }
		}
	  ],
	  "minecraft:knockback_resistance": {
	    "value": 1.0
	  },
	  "minecraft:damage_sensor": [
	    {
		  "cause": "any",
		  "deals_damage": false
		}
	  ],
	  "minecraft:loot": {
	    "table": "loot_tables/automaticraft/solar_generator.json"
	  },
	  "minecraft:health": {
	    "value": 1,
		"max": 1
	  },
	  "minecraft:physics": {},
	  "minecraft:pushable": {
	    "is_pushable": false,
	    "is_pushable_by_piston": false
	  }
	},
	
	"events": {
	  "minecraft:entity_spawned": {
	    "add": { "component_groups": [ "minecraft:normal", "minecraft:zone_north" ] }
	  },
	  "minecraft:event_despawn": {
	    "add": { "component_groups": [ "minecraft:despawn" ] }
	  },
	  
	  "minecraft:event_zone_north": {
	    "add": { "component_groups": [ "minecraft:zone_north" ] },
	    "remove": { "component_groups": [ "minecraft:zone_west" ] }
	  },
	  "minecraft:event_zone_east": {
	    "add": { "component_groups": [ "minecraft:zone_east" ] },
	    "remove": { "component_groups": [ "minecraft:zone_north" ] }
	  },
	  "minecraft:event_zone_south": {
	    "add": { "component_groups": [ "minecraft:zone_south" ] },
	    "remove": { "component_groups": [ "minecraft:zone_east" ] }
	  },
	  "minecraft:event_zone_west": {
	    "add": { "component_groups": [ "minecraft:zone_west" ] },
	    "remove": { "component_groups": [ "minecraft:zone_south" ] }
	  },
	  
	  "minecraft:event_charge_to_min": {
	    "add": { "component_groups": [ "minecraft:charge_to_min" ] },
	    "remove": { "component_groups": [ "minecraft:normal", "minecraft:reset_charge" ] }
	  },
	  "minecraft:event_charge_to_med": {
	    "add": { "component_groups": [ "minecraft:charge_to_med" ] },
	    "remove": { "component_groups": [ "minecraft:charge_to_min" ] }
	  },
	  "minecraft:event_charge_to_max": {
	    "add": { "component_groups": [ "minecraft:charge_to_max" ] },
	    "remove": { "component_groups": [ "minecraft:charge_to_med" ] }
	  },
	  "minecraft:event_normal": {
	    "add": { "component_groups": [ "minecraft:normal" ] },
	    "remove": { "component_groups": [ "minecraft:charge_to_min", "minecraft:charge_to_med", "minecraft:reset_charge" ] }
	  },
	  "minecraft:event_reset_charge": {
	    "add": { "component_groups": [ "minecraft:reset_charge" ] },
	    "remove": { "component_groups": [ "minecraft:charge_to_max" ] }
	  }
	}
  }
}