{
  "resource_pack_name": "Addon Maker Resource",
  "texture_name": "atlas.items",
  "texture_data": {
    "egg_camel": {
      "textures": "textures/items/egg_camel"
    },
    "egg_lion": {
      "textures": "textures/items/egg_lion"
    },
    "egg_penguin": {
      "textures": "textures/items/egg_penguin"
    },
    "egg_tiger": {
      "textures": "textures/items/egg_tiger"
    },
    "egg_elephant": {
      "textures": "textures/items/egg_elephant"
    },
    "egg_deer": {
      "textures": "textures/items/egg_deer"
    },
    "egg_panther": {
      "textures": "textures/items/egg_panther"
    },
    "egg_frog": {
      "textures": "textures/items/egg_frog"
    },
    "egg_crocodile": {
      "textures": "textures/items/egg_crocodile"
    },
    "egg_mouse": {
      "textures": "textures/items/egg_mouse"
    },
    "gallardo": {
      "textures": "textures/items/gallardo"
    },
    "bench": {
      "textures": "textures/items/bench"
    },
    "christmas_tree": {
      "textures": "textures/items/christmas_tree"
    },
    "tivi": {
      "textures": "textures/items/tivi"
    },
    "closet": {
      "textures": "textures/items/closet"
    },
    "laptop": {
      "textures": "textures/items/laptop"
    },
    "piano": {
      "textures": "textures/items/piano"
    },
    "armchairs": {
      "textures": "textures/items/armchairs"
    },
    "chair": {
      "textures": "textures/items/chair"
    },
    "big_table": {
      "textures": "textures/items/big_table"
    },
    "small_table": {
      "textures": "textures/items/small_table"
    },
    "drone": {
      "textures": "textures/items/drone"
    },
    "colorful_gifts": {
      "textures": "textures/items/colorful_gifts"
    },
    "t_lapischestplate": {
      "textures": [
        "textures/items/pamobile/t_lapischestplate"
      ]
    },
    "t_headband": {
      "textures": [
        "textures/items/pamobile/t_headband"
      ]
    },
    "t_infectionboots": {
      "textures": [
        "textures/items/pamobile/t_infectionboots"
      ]
    },
    "t:chainlinks": {
      "textures": "textures/items/pamobile/t_chainlinks"
    },
    "t:flintshard": {
      "textures": "textures/items/pamobile/t_flintshard"
    },
    "t:flintstick": {
      "textures": "textures/items/pamobile/t_flintstick"
    },
    "t:flintchainlinks": {
      "textures": "textures/items/pamobile/t_flintchainlinks"
    },
    "t:coockedflesh": {
      "textures": "textures/items/pamobile/t_coockedflesh"
    },
    "t_sharpstick": {
      "textures": "textures/items/pamobile/t_sharpstick"
    },
    "t:smallstick": {
      "textures": "textures/items/pamobile/t_smallstick"
    },
    "t:pebble": {
      "textures": "textures/items/pamobile/t_pebble"
    },
    "t_wooddagger": {
      "textures": "textures/items/pamobile/t_wooddagger"
    },
    "t:stonestick": {
      "textures": "textures/items/pamobile/t_stonestick"
    },
    "t:ironplate": {
      "textures": "textures/items/pamobile/t_ironplate"
    },
    "t_stonedagger": {
      "textures": "textures/items/pamobile/t_stonedagger"
    },
    "t_diamonddagger": {
      "textures": "textures/items/pamobile/t_diamonddagger"
    },
    "t_irondagger": {
      "textures": "textures/items/pamobile/t_irondagger"
    },
    "t_junglechestplate": {
      "textures": [
        "textures/items/pamobile/t_junglechestplate"
      ]
    },
    "t_golddagger": {
      "textures": "textures/items/pamobile/t_golddagger"
    },
    "t:grassstring": {
      "textures": "textures/items/pamobile/t_grassstring"
    },
    "t_greycombathelmet": {
      "textures": [
        "textures/items/pamobile/t_greycombathelmet"
      ]
    },
    "t_hammer": {
      "textures": "textures/items/pamobile/t_hammer"
    },
    "t_greencombathelmet": {
      "textures": [
        "textures/items/pamobile/t_greencombathelmet"
      ]
    },
    "t_greyrangervest": {
      "textures": [
        "textures/items/pamobile/t_greyrangervest"
      ]
    },
    "t_combatknife": {
      "textures": "textures/items/pamobile/t_combatknife"
    },
    "c_coldwintercap": {
      "textures": [
        "textures/items/pamobile/c_coldwintercap"
      ]
    },
    "t_junglehelmet": {
      "textures": [
        "textures/items/pamobile/t_junglehelmet"
      ]
    },
    "t_nativetunic": {
      "textures": [
        "textures/items/pamobile/t_nativetunic"
      ]
    },
    "t_greyoxigenmask": {
      "textures": [
        "textures/items/pamobile/t_greyoxigenmask"
      ]
    },
    "t_pilotjacket": {
      "textures": [
        "textures/items/pamobile/t_pilotjacket"
      ]
    },
    "t_rangervest": {
      "textures": [
        "textures/items/pamobile/t_rangervest"
      ]
    },
    "t_oxigenmask": {
      "textures": [
        "textures/items/pamobile/t_oxigenmask"
      ]
    },
    "t_woodswordlvl3": {
      "textures": "textures/items/pamobile/t_woodswordlvl3"
    },
    "t_greywildleggins": {
      "textures": [
        "textures/items/pamobile/t_greywildleggins"
      ]
    },
    "t_wildleggins": {
      "textures": [
        "textures/items/pamobile/t_wildleggins"
      ]
    },
    "t_diamondswordlvl3": {
      "textures": "textures/items/pamobile/t_diamondswordlvl3"
    },
    "t_woodswordlvl2": {
      "textures": "textures/items/pamobile/t_woodswordlvl2"
    },
    "t_nativeleggins": {
      "textures": [
        "textures/items/pamobile/t_nativeleggins"
      ]
    },
    "t_greenhighboots": {
      "textures": [
        "textures/items/pamobile/t_greenhighboots"
      ]
    },
    "t_greenwildleggins": {
      "textures": [
        "textures/items/pamobile/t_greenwildleggins"
      ]
    },
    "t_greenoxigenmask": {
      "textures": [
        "textures/items/pamobile/t_greenoxigenmask"
      ]
    },
    "t_highboots": {
      "textures": [
        "textures/items/pamobile/t_highboots"
      ]
    },
    "t_stoneswordlvl2": {
      "textures": "textures/items/pamobile/t_stoneswordlvl2"
    },
    "t_greyhighboots": {
      "textures": [
        "textures/items/pamobile/t_greyhighboots"
      ]
    },
    "t:driedflesh": {
      "textures": "textures/items/pamobile/t_driedflesh"
    },
    "t_greycoldwintercap": {
      "textures": [
        "textures/items/pamobile/t_greycoldwintercap"
      ]
    },
    "t_diamondswordlvl2": {
      "textures": "textures/items/pamobile/t_diamondswordlvl2"
    },
    "t_stoneswordlvl3": {
      "textures": "textures/items/pamobile/t_stoneswordlvl3"
    },
    "t_ironswordlvl3": {
      "textures": "textures/items/pamobile/t_ironswordlvl3"
    },
    "t_ironswordlvl2": {
      "textures": "textures/items/pamobile/t_ironswordlvl2"
    },
    "t_goldswordlvl2": {
      "textures": "textures/items/pamobile/t_goldswordlvl2"
    },
    "t:leave": {
      "textures": "textures/items/pamobile/t_leave"
    },
    "t_nativeboots": {
      "textures": [
        "textures/items/pamobile/t_nativeboots"
      ]
    },
    "t_stridermask": {
      "textures": [
        "textures/items/pamobile/t_stridermask"
      ]
    },
    "t_goldswordlvl3": {
      "textures": "textures/items/pamobile/t_goldswordlvl3"
    },
    "t_rocketboots": {
      "textures": [
        "textures/items/pamobile/t_rocketboots"
      ]
    },
    "t_paperwings": {
      "textures": [
        "textures/items/pamobile/t_paperwings"
      ]
    },
    "t:redstoneingot": {
      "textures": "textures/items/pamobile/t_redstoneingot"
    },
    "t_redstonesword": {
      "textures": "textures/items/pamobile/t_redstonesword"
    },
    "t_infectionjacket": {
      "textures": [
        "textures/items/pamobile/t_infectionjacket"
      ]
    },
    "t_wings": {
      "textures": [
        "textures/items/pamobile/t_wings"
      ]
    },
    "t_infectionhelmet": {
      "textures": [
        "textures/items/pamobile/t_infectionhelmet"
      ]
    },
    "t_eyeband": {
      "textures": [
        "textures/items/pamobile/t_eyeband"
      ]
    },
    "t_fishglass": {
      "textures": [
        "textures/items/pamobile/t_fishglass"
      ]
    },
    "t:eye": {
      "textures": "textures/items/pamobile/t_eye"
    },
    "t:heartcontainer": {
      "textures": "textures/items/pamobile/t_heartcontainer"
    },
    "t_infectionleggins": {
      "textures": [
        "textures/items/pamobile/t_infectionleggins"
      ]
    },
    "t:bandage": {
      "textures": "textures/items/pamobile/t_bandage"
    },
    "t_lapissword": {
      "textures": "textures/items/pamobile/t_lapissword"
    },
    "t_redstonehelmet": {
      "textures": [
        "textures/items/pamobile/t_redstonehelmet"
      ]
    },
    "t_oxigenmaskmk2": {
      "textures": [
        "textures/items/pamobile/t_oxigenmaskmk2"
      ]
    },
    "t_redstonechestplate": {
      "textures": [
        "textures/items/pamobile/t_redstonechestplate"
      ]
    },
    "t_redstoneboots": {
      "textures": [
        "textures/items/pamobile/t_redstoneboots"
      ]
    },
    "t_redstoneleggins": {
      "textures": [
        "textures/items/pamobile/t_redstoneleggins"
      ]
    },
    "t_lapishelmet": {
      "textures": [
        "textures/items/pamobile/t_lapishelmet"
      ]
    },
    "t_lapisleggins": {
      "textures": [
        "textures/items/pamobile/t_lapisleggins"
      ]
    },
    "t_lapisboots": {
      "textures": [
        "textures/items/pamobile/t_lapisboots"
      ]
    }
  }
}