{
  "format_version": "1.12",
  "minecraft:recipe_shaped": {
    "description": {
      "identifier": "recipes_d7e425e3"
    },
    "tags": [
      "crafting_table"
    ],
    "pattern": [
      "AA ",
      " B ",
      " B "
    ],
    "key": {
      "A": {
        "item": "minecraft:gold_ingot",
        "data": 0
      },
      "B": {
        "item": "t:flintstick",
        "data": 0
      }
    },
    "result": {
      "item": "minecraft:golden_hoe",
      "count": 1,
      "data": 0
    }
  }
}