{
  "format_version": "1.12",
  "minecraft:recipe_shaped": {
    "description": {
      "identifier": "recipes_65d07144"
    },
    "tags": [
      "crafting_table"
    ],
    "pattern": [
      "AAA",
      " B ",
      " B "
    ],
    "key": {
      "A": {
        "item": "minecraft:cobblestone",
        "data": 0
      },
      "B": {
        "item": "t:flintstick",
        "data": 0
      }
    },
    "result": {
      "item": "minecraft:stone_pickaxe",
      "count": 1,
      "data": 0
    }
  }
}