{
  "format_version": "1.12",
  "minecraft:recipe_shaped": {
    "description": {
      "identifier": "recipes_881e4bd2"
    },
    "tags": [
      "crafting_table"
    ],
    "pattern": [
      "AAA",
      " B ",
      " B "
    ],
    "key": {
      "A": {
        "item": "minecraft:gold_ingot",
        "data": 0
      },
      "B": {
        "item": "t:flintstick",
        "data": 0
      }
    },
    "result": {
      "item": "minecraft:golden_pickaxe",
      "count": 1,
      "data": 0
    }
  }
}