{
  "format_version": "1.12",
  "minecraft:recipe_shaped": {
    "description": {
      "identifier": "recipes_f759af7a"
    },
    "tags": [
      "crafting_table"
    ],
    "pattern": [
      "A  ",
      "BC "
    ],
    "key": {
      "A": {
        "item": "minecraft:brown_mushroom",
        "data": 0
      },
      "B": {
        "item": "minecraft:dye",
        "data": 19
      },
      "C": {
        "item": "minecraft:red_mushroom",
        "data": 0
      }
    },
    "result": {
      "item": "minecraft:dye",
      "count": 1,
      "data": 13
    }
  }
}