{
  "format_version": "1.12",
  "minecraft:recipe_shaped": {
    "description": {
      "identifier": "hammer_4c293104"
    },
    "tags": [
      "crafting_table"
    ],
    "pattern": [
      " AB",
      " CA",
      "C  "
    ],
    "key": {
      "A": {
        "item": "minecraft:iron_ingot",
        "data": 0
      },
      "B": {
        "item": "minecraft:iron_block",
        "data": 0
      },
      "C": {
        "item": "minecraft:stick",
        "data": 0
      }
    },
    "result": {
      "item": "t:hammer",
      "count": 1
    }
  }
}