{
  "format_version": "1.12",
  "minecraft:recipe_shaped": {
    "description": {
      "identifier": "stoneswordlvl2_f2651048"
    },
    "tags": [
      "crafting_table"
    ],
    "pattern": [
      "AAA",
      "ABA",
      "AAA"
    ],
    "key": {
      "A": {
        "item": "minecraft:cobblestone",
        "data": 0
      },
      "B": {
        "item": "minecraft:stone_sword",
        "data": 0
      }
    },
    "result": {
      "item": "t:stoneswordlvl2",
      "count": 1
    }
  }
}