{
  "format_version": "1.12",
  "minecraft:recipe_shaped": {
    "description": {
      "identifier": "infectionhelmet_f4857db2"
    },
    "tags": [
      "crafting_table"
    ],
    "pattern": [
      "ABA",
      "BCB",
      " A "
    ],
    "key": {
      "A": {
        "item": "minecraft:dye",
        "data": 14
      },
      "B": {
        "item": "minecraft:wool",
        "data": 1
      },
      "C": {
        "item": "minecraft:glass_pane",
        "data": 0
      }
    },
    "result": {
      "item": "t:infectionhelmet",
      "count": 1
    }
  }
}