{
  "format_version": "1.12",
  "minecraft:recipe_shaped": {
    "description": {
      "identifier": "oxigenmaskmk2_3551a0e7"
    },
    "tags": [
      "crafting_table"
    ],
    "pattern": [
      "AAA",
      "BCB",
      "CDC"
    ],
    "key": {
      "A": {
        "item": "minecraft:iron_ingot",
        "data": 0
      },
      "B": {
        "item": "minecraft:glass_pane",
        "data": 0
      },
      "C": {
        "item": "minecraft:iron_nugget",
        "data": 0
      },
      "D": {
        "item": "t:ironplate",
        "data": 0
      }
    },
    "result": {
      "item": "t:oxigenmaskmk2",
      "count": 1
    }
  }
}