{
  "format_version": "1.12",
  "minecraft:recipe_shaped": {
    "description": {
      "identifier": "pilotjacket_5122262a"
    },
    "tags": [
      "crafting_table"
    ],
    "pattern": [
      "A A",
      "BCB",
      "ABA"
    ],
    "key": {
      "A": {
        "item": "minecraft:iron_nugget",
        "data": 0
      },
      "B": {
        "item": "minecraft:wool",
        "data": 12
      },
      "C": {
        "item": "t:ironplate",
        "data": 0
      }
    },
    "result": {
      "item": "t:pilotjacket",
      "count": 1
    }
  }
}