{
  "format_version": "1.12.0",
  "minecraft:entity": {
    "description": {
      "identifier": "pa:turtle_delta",
      "is_spawnable": true,
      "is_summonable": true,
      "is_experimental": false
    },
    "component_groups": {
      "minecraft:baby": {
        "minecraft:type_family": {
          "family": [
            "turtle",
            "baby_turtle"
          ]
        },
        "minecraft:collision_box": {
          "width": 0.6,
          "height": 0.2
        },
        "minecraft:underwater_movement": {
          "value": 0.06
        },
        "minecraft:is_baby": {},
        "minecraft:scale": {
          "value": 0.16
        },
        "minecraft:behavior.move_to_water": {
          "priority": 1,
          "search_range": 15,
          "search_height": 5,
          "goal_radius": 0.1
        },
        "minecraft:ageable": {
          "duration": 1200,
          "feedItems": [
            "seagrass"
          ],
          "drop_items": [
            "turtle_shell_piece"
          ],
          "grow_up": {
            "event": "minecraft:ageable_grow_up",
            "target": "self"
          }
        }
      },
      "minecraft:adult": {
        "minecraft:type_family": {
          "family": [
            "turtle"
          ]
        },
        "minecraft:collision_box": {
          "width": 1.2,
          "height": 0.4
        },
        "minecraft:underwater_movement": {
          "value": 0.12
        },
        "minecraft:breedable": {
          "requireTame": false,
          "causes_pregnancy": true,
          "breedsWith": {
            "mateType": "minecraft:turtle",
            "babyType": "minecraft:turtle",
            "breed_event": {
              "event": "minecraft:become_pregnant",
              "target": "self"
            }
          },
          "breedItems": [
            "seagrass"
          ]
        },
        "minecraft:behavior.breed": {
          "priority": 2,
          "speed_multiplier": 1.0
        },
        "minecraft:behavior.move_to_land": {
          "priority": 6,
          "search_range": 16,
          "search_height": 5,
          "goal_radius": 0.5
        },
        "minecraft:behavior.random_stroll": {
          "priority": 9,
          "interval": 100
        }
      },
      "minecraft:pregnant": {
        "minecraft:behavior.go_home": {
          "priority": 1,
          "speed_multiplier": 1.0,
          "interval": 700,
          "goal_radius": 4.0,
          "on_home": {
            "event": "minecraft:go_lay_egg",
            "target": "self"
          }
        }
      },
      "minecraft:wants_to_lay_egg": {
        "minecraft:behavior.lay_egg": {
          "priority": 1,
          "speed_multiplier": 1.0,
          "search_range": 16,
          "search_height": 4,
          "goal_radius": 1.0,
          "on_lay": {
            "event": "minecraft:laid_egg",
            "target": "self"
          }
        }
      }
    },
    "components": {
      "minecraft:nameable": {
        "alwaysShow": false,
        "allowNameTagRenaming": false
      },
      "minecraft:health": {
        "value": 30,
        "max": 30
      },
      "minecraft:movement": {
        "value": 0.1
      },
      "minecraft:water_movement": {
        "drag_factor": 0.9
      },
      "minecraft:navigation.generic": {
        "is_amphibious": true,
        "can_path_over_water": false,
        "can_swim": true,
        "can_walk": true,
        "can_sink": false,
        "avoid_damage_blocks": true
      },
      "minecraft:movement.amphibious": {
        "max_turn": 5.0
      },
      "minecraft:jump.static": {},
      "minecraft:physics": {},
      "minecraft:home": {},
      "minecraft:follow_range": {
        "value": 1024
      },
      "minecraft:behavior.panic": {
        "priority": 0,
        "prefer_water": true,
        "speed_multiplier": 1.2
      },
      "minecraft:behavior.hurt_by_target": {
        "priority": 3
      },
      "minecraft:behavior.tempt": {
        "priority": 3,
        "speed_multiplier": 1.1,
        "items": [
          "seagrass"
        ]
      },
      "minecraft:behavior.move_to_water": {
        "priority": 4,
        "search_range": 16,
        "search_height": 5,
        "search_count": 1,
        "goal_radius": 0.1
      },
      "minecraft:behavior.random_swim": {
        "priority": 7,
        "interval": 0,
        "xz_dist": 30,
        "y_dist": 15
      },
      "minecraft:behavior.look_at_player": {
        "priority": 8,
        "target_distance": 6.0,
        "probability": 0.02
      },
      "minecraft:experience_reward": {
        "on_death": "query.last_hit_by_player ? 10 : 0"
      },
      "minecraft:type_family": {
        "family": [
          "turtle"
        ]
      },
      "minecraft:scale": {
        "value": 1
      },
      "minecraft:hurt_when_wet": {
        "value": true
      },
      "minecraft:fire_immune": true,
      "minecraft:behavior.melee_attack": {
        "priority": 2,
        "speed_multiplier": 1.0,
        "target_dist": 0.0,
        "max_dist": 3,
        "random_stop_interval": 100,
        "track_target": true,
        "reach_multiplier": 1.4
      },
      "minecraft:behavior.ranged_attack": {
        "attack_interval_min": 1,
        "attack_interval_max": 3,
        "attack_radius": 15,
        "burst_shots": 1,
        "burst_interval": 0.5
      },
      "minecraft:shooter": {
        "type": "Small Fireball",
        "def": "minecraft:small_fireball"
      },
      "minecraft:behavior.nearest_attackable_target": {
        "priority": 3,
        "within_radius": 25,
        "must_reach": false,
        "entity_types": [
          {
            "filters": {
              "any_of": [
                {
                  "test": "is_family",
                  "subject": "other",
                  "value": "player"
                }
              ]
            },
            "max_dist": 30,
            "must_see": false
          }
        ],
        "must_see": false,
        "speed_multiplier": 1.0
      },
      "minecraft:behavior.owner_hurt_by_target": {
        "priority": 1
      },
      "minecraft:behavior.owner_hurt_target": {
        "priority": 2
      },
      "minecraft:behavior.avoid_mob_type": {
        "priority": 3,
        "entity_types": [
          {
            "filters": {
              "other_with_families": [
                "ghast"
              ]
            },
            "max_dist": 6,
            "walk_speed_multiplier": 1.0,
            "sprint_speed_multiplier": 1.2
          }
        ],
        "max_dist": 6,
        "walk_speed_multiplier": 1.0,
        "sprint_speed_multiplier": 1.2,
        "sneak_speed_multiplier": 1.0
      },
      "minecraft:fall_damage": {
        "value": 0.0
      },
      "minecraft:loot": {
        "table": "loot_tables/entities/pa_turtle_delta.json"
      }
    },
    "events": {
      "minecraft:entity_spawned": {
        "randomize": [
          {
            "weight": 9,
            "add": {
              "component_groups": [
                "minecraft:adult"
              ]
            }
          },
          {
            "weight": 1,
            "add": {
              "component_groups": [
                "minecraft:baby"
              ]
            }
          }
        ]
      },
      "minecraft:entity_born": {
        "add": {
          "component_groups": [
            "minecraft:baby"
          ]
        }
      },
      "minecraft:ageable_grow_up": {
        "remove": {
          "component_groups": [
            "minecraft:baby"
          ]
        },
        "add": {
          "component_groups": [
            "minecraft:adult"
          ]
        }
      },
      "minecraft:become_pregnant": {
        "add": {
          "component_groups": [
            "minecraft:pregnant"
          ]
        }
      },
      "minecraft:go_lay_egg": {
        "add": {
          "component_groups": [
            "minecraft:wants_to_lay_egg"
          ]
        },
        "remove": {
          "component_groups": [
            "minecraft:pregnant"
          ]
        }
      },
      "minecraft:laid_egg": {
        "remove": {
          "component_groups": [
            "minecraft:wants_to_lay_egg"
          ]
        }
      }
    }
  }
}