{
  "format_version": "1.10.0",
  "animation_controllers": {
    "controller.animation.item_bundler_function": {
      "states": {
        "default": {
          "transitions": [ { "walking": "(1.0)" } ],
          "on_entry": [
			"/tp @e[type=raigen:bundling_platform_hologram] ^ ^0.5 ^3"
		  ]
        },
        "walking": {
          "transitions": [ { "default": "(1.0)" } ],
          "on_entry": [
			"/tp @e[type=raigen:bundling_platform_hologram] ^ ^0.5 ^3"
		  ]
        }
      }
    },
    "controller.animation.item_bundler_triggers": {
      "states": {
        "default": {
          "transitions": [
            { "bundling_platform_trigger": "(query.get_equipped_item_name == 'bundling_platform') && (query.is_using_item == 1.0)" }
          ]
        },
		
        "bundling_platform_trigger": {
          "on_entry": [ "/summon raigen:bundling_platform_hologram" ],
          "transitions": [ { "default": "query.get_equipped_item_name != 'bundling_platform'" } ]
		}
	  }
	},
    "controller.animation.platform_destruct": {
      "states": {
        "default": {
          "transitions": [ { "particles": "query.skin_id == 500" } ]
        },
        "particles": {
          "on_entry": [ "/particle raigen:platform_destruct ~~~" ]
		}
	  }
	}
  }
}