{
  "format_version": "1.12",
  "minecraft:recipe_shaped": {
    "description": {
      "identifier": "golden_broadsword_e570c78f"
    },
    "tags": [
      "crafting_table"
    ],
    "pattern": [
      "  A",
      "BA ",
      "CB "
    ],
    "key": {
      "A": {
        "item": "pa:heavy_gold_ingot",
        "data": 0
      },
      "B": {
        "item": "minecraft:gold_nugget",
        "data": 0
      },
      "C": {
        "item": "minecraft:stick",
        "data": 0
      }
    },
    "result": {
      "item": "pa:golden_broadsword",
      "count": 1
    }
  }
}