{
  "format_version": "1.12",
  "minecraft:recipe_shaped": {
    "description": {
      "identifier": "golden_lance_905c7942"
    },
    "tags": [
      "crafting_table"
    ],
    "pattern": [
      "  A",
      "AB ",
      "CA "
    ],
    "key": {
      "A": {
        "item": "minecraft:gold_nugget",
        "data": 0
      },
      "B": {
        "item": "pa:heavy_gold_ingot",
        "data": 0
      },
      "C": {
        "item": "minecraft:stick",
        "data": 0
      }
    },
    "result": {
      "item": "pa:golden_lance",
      "count": 1
    }
  }
}