{
  "format_version": "1.12",
  "minecraft:recipe_shaped": {
    "description": {
      "identifier": "steel_styche_2106bec1"
    },
    "tags": [
      "crafting_table"
    ],
    "pattern": [
      "AAB",
      " C ",
      "C  "
    ],
    "key": {
      "A": {
        "item": "pa:steel_ingot",
        "data": 0
      },
      "B": {
        "item": "minecraft:iron_ingot",
        "data": 0
      },
      "C": {
        "item": "minecraft:stick",
        "data": 0
      }
    },
    "result": {
      "item": "pa:steel_styche",
      "count": 1
    }
  }
}