{
	"format_version": "1.10.0",
	"geometry.item_ground_automaticraft": {
		"texturewidth": 64,
		"textureheight": 64,
		"visible_bounds_width": 1,
		"visible_bounds_height": 1,
		"visible_bounds_offset": [0, 0.5, 0],
		"bones": [
			{
				"name": "item_ground",
				"pivot": [0, 0, 0],
				"cubes": [
					{"origin": [-8, 0, 7], "size": [1, 1, 1], "uv": [0, 0]},
					{"origin": [-7, 0, 7], "size": [1, 1, 1], "uv": [4, 0]},
					{"origin": [-6, 0, 7], "size": [1, 1, 1], "uv": [8, 0]},
					{"origin": [-5, 0, 7], "size": [1, 1, 1], "uv": [12, 0]},
					{"origin": [-4, 0, 7], "size": [1, 1, 1], "uv": [16, 0]},
					{"origin": [-3, 0, 7], "size": [1, 1, 1], "uv": [20, 0]},
					{"origin": [-2, 0, 7], "size": [1, 1, 1], "uv": [24, 0]},
					{"origin": [-1, 0, 7], "size": [1, 1, 1], "uv": [28, 0]},
					{"origin": [0, 0, 7], "size": [1, 1, 1], "uv": [32, 0]},
					{"origin": [1, 0, 7], "size": [1, 1, 1], "uv": [36, 0]},
					{"origin": [2, 0, 7], "size": [1, 1, 1], "uv": [40, 0]},
					{"origin": [3, 0, 7], "size": [1, 1, 1], "uv": [44, 0]},
					{"origin": [4, 0, 7], "size": [1, 1, 1], "uv": [48, 0]},
					{"origin": [5, 0, 7], "size": [1, 1, 1], "uv": [52, 0]},
					{"origin": [6, 0, 7], "size": [1, 1, 1], "uv": [56, 0]},
					{"origin": [7, 0, 7], "size": [1, 1, 1], "uv": [60, 0]},
					{"origin": [-8, 0, 6], "size": [1, 1, 1], "uv": [0, 4]},
					{"origin": [-7, 0, 6], "size": [1, 1, 1], "uv": [4, 4]},
					{"origin": [-6, 0, 6], "size": [1, 1, 1], "uv": [8, 4]},
					{"origin": [-5, 0, 6], "size": [1, 1, 1], "uv": [12, 4]},
					{"origin": [-4, 0, 6], "size": [1, 1, 1], "uv": [16, 4]},
					{"origin": [-3, 0, 6], "size": [1, 1, 1], "uv": [20, 4]},
					{"origin": [-2, 0, 6], "size": [1, 1, 1], "uv": [24, 4]},
					{"origin": [-1, 0, 6], "size": [1, 1, 1], "uv": [28, 4]},
					{"origin": [0, 0, 6], "size": [1, 1, 1], "uv": [32, 4]},
					{"origin": [1, 0, 6], "size": [1, 1, 1], "uv": [36, 4]},
					{"origin": [2, 0, 6], "size": [1, 1, 1], "uv": [40, 4]},
					{"origin": [3, 0, 6], "size": [1, 1, 1], "uv": [44, 4]},
					{"origin": [4, 0, 6], "size": [1, 1, 1], "uv": [48, 4]},
					{"origin": [5, 0, 6], "size": [1, 1, 1], "uv": [52, 4]},
					{"origin": [6, 0, 6], "size": [1, 1, 1], "uv": [56, 4]},
					{"origin": [7, 0, 6], "size": [1, 1, 1], "uv": [60, 4]},
					{"origin": [-8, 0, 5], "size": [1, 1, 1], "uv": [0, 8]},
					{"origin": [-7, 0, 5], "size": [1, 1, 1], "uv": [4, 8]},
					{"origin": [-6, 0, 5], "size": [1, 1, 1], "uv": [8, 8]},
					{"origin": [-5, 0, 5], "size": [1, 1, 1], "uv": [12, 8]},
					{"origin": [-4, 0, 5], "size": [1, 1, 1], "uv": [16, 8]},
					{"origin": [-3, 0, 5], "size": [1, 1, 1], "uv": [20, 8]},
					{"origin": [-2, 0, 5], "size": [1, 1, 1], "uv": [24, 8]},
					{"origin": [-1, 0, 5], "size": [1, 1, 1], "uv": [28, 8]},
					{"origin": [0, 0, 5], "size": [1, 1, 1], "uv": [32, 8]},
					{"origin": [1, 0, 5], "size": [1, 1, 1], "uv": [36, 8]},
					{"origin": [2, 0, 5], "size": [1, 1, 1], "uv": [40, 8]},
					{"origin": [3, 0, 5], "size": [1, 1, 1], "uv": [44, 8]},
					{"origin": [4, 0, 5], "size": [1, 1, 1], "uv": [48, 8]},
					{"origin": [5, 0, 5], "size": [1, 1, 1], "uv": [52, 8]},
					{"origin": [6, 0, 5], "size": [1, 1, 1], "uv": [56, 8]},
					{"origin": [7, 0, 5], "size": [1, 1, 1], "uv": [60, 8]},
					{"origin": [-8, 0, 4], "size": [1, 1, 1], "uv": [0, 12]},
					{"origin": [-7, 0, 4], "size": [1, 1, 1], "uv": [4, 12]},
					{"origin": [-6, 0, 4], "size": [1, 1, 1], "uv": [8, 12]},
					{"origin": [-5, 0, 4], "size": [1, 1, 1], "uv": [12, 12]},
					{"origin": [-4, 0, 4], "size": [1, 1, 1], "uv": [16, 12]},
					{"origin": [-3, 0, 4], "size": [1, 1, 1], "uv": [20, 12]},
					{"origin": [-2, 0, 4], "size": [1, 1, 1], "uv": [24, 12]},
					{"origin": [-1, 0, 4], "size": [1, 1, 1], "uv": [28, 12]},
					{"origin": [0, 0, 4], "size": [1, 1, 1], "uv": [32, 12]},
					{"origin": [1, 0, 4], "size": [1, 1, 1], "uv": [36, 12]},
					{"origin": [2, 0, 4], "size": [1, 1, 1], "uv": [40, 12]},
					{"origin": [3, 0, 4], "size": [1, 1, 1], "uv": [44, 12]},
					{"origin": [4, 0, 4], "size": [1, 1, 1], "uv": [48, 12]},
					{"origin": [5, 0, 4], "size": [1, 1, 1], "uv": [52, 12]},
					{"origin": [6, 0, 4], "size": [1, 1, 1], "uv": [56, 12]},
					{"origin": [7, 0, 4], "size": [1, 1, 1], "uv": [60, 12]},
					{"origin": [-8, 0, 3], "size": [1, 1, 1], "uv": [0, 16]},
					{"origin": [-7, 0, 3], "size": [1, 1, 1], "uv": [4, 16]},
					{"origin": [-6, 0, 3], "size": [1, 1, 1], "uv": [8, 16]},
					{"origin": [-5, 0, 3], "size": [1, 1, 1], "uv": [12, 16]},
					{"origin": [-4, 0, 3], "size": [1, 1, 1], "uv": [16, 16]},
					{"origin": [-3, 0, 3], "size": [1, 1, 1], "uv": [20, 16]},
					{"origin": [-2, 0, 3], "size": [1, 1, 1], "uv": [24, 16]},
					{"origin": [-1, 0, 3], "size": [1, 1, 1], "uv": [28, 16]},
					{"origin": [0, 0, 3], "size": [1, 1, 1], "uv": [32, 16]},
					{"origin": [1, 0, 3], "size": [1, 1, 1], "uv": [36, 16]},
					{"origin": [2, 0, 3], "size": [1, 1, 1], "uv": [40, 16]},
					{"origin": [3, 0, 3], "size": [1, 1, 1], "uv": [44, 16]},
					{"origin": [4, 0, 3], "size": [1, 1, 1], "uv": [48, 16]},
					{"origin": [5, 0, 3], "size": [1, 1, 1], "uv": [52, 16]},
					{"origin": [6, 0, 3], "size": [1, 1, 1], "uv": [56, 16]},
					{"origin": [7, 0, 3], "size": [1, 1, 1], "uv": [60, 16]},
					{"origin": [-8, 0, 2], "size": [1, 1, 1], "uv": [0, 20]},
					{"origin": [-7, 0, 2], "size": [1, 1, 1], "uv": [4, 20]},
					{"origin": [-6, 0, 2], "size": [1, 1, 1], "uv": [8, 20]},
					{"origin": [-5, 0, 2], "size": [1, 1, 1], "uv": [12, 20]},
					{"origin": [-4, 0, 2], "size": [1, 1, 1], "uv": [16, 20]},
					{"origin": [-3, 0, 2], "size": [1, 1, 1], "uv": [20, 20]},
					{"origin": [-2, 0, 2], "size": [1, 1, 1], "uv": [24, 20]},
					{"origin": [-1, 0, 2], "size": [1, 1, 1], "uv": [28, 20]},
					{"origin": [0, 0, 2], "size": [1, 1, 1], "uv": [32, 20]},
					{"origin": [1, 0, 2], "size": [1, 1, 1], "uv": [36, 20]},
					{"origin": [2, 0, 2], "size": [1, 1, 1], "uv": [40, 20]},
					{"origin": [3, 0, 2], "size": [1, 1, 1], "uv": [44, 20]},
					{"origin": [4, 0, 2], "size": [1, 1, 1], "uv": [48, 20]},
					{"origin": [5, 0, 2], "size": [1, 1, 1], "uv": [52, 20]},
					{"origin": [6, 0, 2], "size": [1, 1, 1], "uv": [56, 20]},
					{"origin": [7, 0, 2], "size": [1, 1, 1], "uv": [60, 20]},
					{"origin": [-8, 0, 1], "size": [1, 1, 1], "uv": [0, 24]},
					{"origin": [-7, 0, 1], "size": [1, 1, 1], "uv": [4, 24]},
					{"origin": [-6, 0, 1], "size": [1, 1, 1], "uv": [8, 24]},
					{"origin": [-5, 0, 1], "size": [1, 1, 1], "uv": [12, 24]},
					{"origin": [-4, 0, 1], "size": [1, 1, 1], "uv": [16, 24]},
					{"origin": [-3, 0, 1], "size": [1, 1, 1], "uv": [20, 24]},
					{"origin": [-2, 0, 1], "size": [1, 1, 1], "uv": [24, 24]},
					{"origin": [-1, 0, 1], "size": [1, 1, 1], "uv": [28, 24]},
					{"origin": [0, 0, 1], "size": [1, 1, 1], "uv": [32, 24]},
					{"origin": [1, 0, 1], "size": [1, 1, 1], "uv": [36, 24]},
					{"origin": [2, 0, 1], "size": [1, 1, 1], "uv": [40, 24]},
					{"origin": [3, 0, 1], "size": [1, 1, 1], "uv": [44, 24]},
					{"origin": [4, 0, 1], "size": [1, 1, 1], "uv": [48, 24]},
					{"origin": [5, 0, 1], "size": [1, 1, 1], "uv": [52, 24]},
					{"origin": [6, 0, 1], "size": [1, 1, 1], "uv": [56, 24]},
					{"origin": [7, 0, 1], "size": [1, 1, 1], "uv": [60, 24]},
					{"origin": [-8, 0, 0], "size": [1, 1, 1], "uv": [0, 28]},
					{"origin": [-7, 0, 0], "size": [1, 1, 1], "uv": [4, 28]},
					{"origin": [-6, 0, 0], "size": [1, 1, 1], "uv": [8, 28]},
					{"origin": [-5, 0, 0], "size": [1, 1, 1], "uv": [12, 28]},
					{"origin": [-4, 0, 0], "size": [1, 1, 1], "uv": [16, 28]},
					{"origin": [-3, 0, 0], "size": [1, 1, 1], "uv": [20, 28]},
					{"origin": [-2, 0, 0], "size": [1, 1, 1], "uv": [24, 28]},
					{"origin": [-1, 0, 0], "size": [1, 1, 1], "uv": [28, 28]},
					{"origin": [0, 0, 0], "size": [1, 1, 1], "uv": [32, 28]},
					{"origin": [1, 0, 0], "size": [1, 1, 1], "uv": [36, 28]},
					{"origin": [2, 0, 0], "size": [1, 1, 1], "uv": [40, 28]},
					{"origin": [3, 0, 0], "size": [1, 1, 1], "uv": [44, 28]},
					{"origin": [4, 0, 0], "size": [1, 1, 1], "uv": [48, 28]},
					{"origin": [5, 0, 0], "size": [1, 1, 1], "uv": [52, 28]},
					{"origin": [6, 0, 0], "size": [1, 1, 1], "uv": [56, 28]},
					{"origin": [7, 0, 0], "size": [1, 1, 1], "uv": [60, 28]},
					{"origin": [-8, 0, -1], "size": [1, 1, 1], "uv": [0, 32]},
					{"origin": [-7, 0, -1], "size": [1, 1, 1], "uv": [4, 32]},
					{"origin": [-6, 0, -1], "size": [1, 1, 1], "uv": [8, 32]},
					{"origin": [-5, 0, -1], "size": [1, 1, 1], "uv": [12, 32]},
					{"origin": [-4, 0, -1], "size": [1, 1, 1], "uv": [16, 32]},
					{"origin": [-3, 0, -1], "size": [1, 1, 1], "uv": [20, 32]},
					{"origin": [-2, 0, -1], "size": [1, 1, 1], "uv": [24, 32]},
					{"origin": [-1, 0, -1], "size": [1, 1, 1], "uv": [28, 32]},
					{"origin": [0, 0, -1], "size": [1, 1, 1], "uv": [32, 32]},
					{"origin": [1, 0, -1], "size": [1, 1, 1], "uv": [36, 32]},
					{"origin": [2, 0, -1], "size": [1, 1, 1], "uv": [40, 32]},
					{"origin": [3, 0, -1], "size": [1, 1, 1], "uv": [44, 32]},
					{"origin": [4, 0, -1], "size": [1, 1, 1], "uv": [48, 32]},
					{"origin": [5, 0, -1], "size": [1, 1, 1], "uv": [52, 32]},
					{"origin": [6, 0, -1], "size": [1, 1, 1], "uv": [56, 32]},
					{"origin": [7, 0, -1], "size": [1, 1, 1], "uv": [60, 32]},
					{"origin": [-8, 0, -2], "size": [1, 1, 1], "uv": [0, 36]},
					{"origin": [-7, 0, -2], "size": [1, 1, 1], "uv": [4, 36]},
					{"origin": [-6, 0, -2], "size": [1, 1, 1], "uv": [8, 36]},
					{"origin": [-5, 0, -2], "size": [1, 1, 1], "uv": [12, 36]},
					{"origin": [-4, 0, -2], "size": [1, 1, 1], "uv": [16, 36]},
					{"origin": [-3, 0, -2], "size": [1, 1, 1], "uv": [20, 36]},
					{"origin": [-2, 0, -2], "size": [1, 1, 1], "uv": [24, 36]},
					{"origin": [-1, 0, -2], "size": [1, 1, 1], "uv": [28, 36]},
					{"origin": [0, 0, -2], "size": [1, 1, 1], "uv": [32, 36]},
					{"origin": [1, 0, -2], "size": [1, 1, 1], "uv": [36, 36]},
					{"origin": [2, 0, -2], "size": [1, 1, 1], "uv": [40, 36]},
					{"origin": [3, 0, -2], "size": [1, 1, 1], "uv": [44, 36]},
					{"origin": [4, 0, -2], "size": [1, 1, 1], "uv": [48, 36]},
					{"origin": [5, 0, -2], "size": [1, 1, 1], "uv": [52, 36]},
					{"origin": [6, 0, -2], "size": [1, 1, 1], "uv": [56, 36]},
					{"origin": [7, 0, -2], "size": [1, 1, 1], "uv": [60, 36]},
					{"origin": [-8, 0, -3], "size": [1, 1, 1], "uv": [0, 40]},
					{"origin": [-7, 0, -3], "size": [1, 1, 1], "uv": [4, 40]},
					{"origin": [-6, 0, -3], "size": [1, 1, 1], "uv": [8, 40]},
					{"origin": [-5, 0, -3], "size": [1, 1, 1], "uv": [12, 40]},
					{"origin": [-4, 0, -3], "size": [1, 1, 1], "uv": [16, 40]},
					{"origin": [-3, 0, -3], "size": [1, 1, 1], "uv": [20, 40]},
					{"origin": [-2, 0, -3], "size": [1, 1, 1], "uv": [24, 40]},
					{"origin": [-1, 0, -3], "size": [1, 1, 1], "uv": [28, 40]},
					{"origin": [0, 0, -3], "size": [1, 1, 1], "uv": [32, 40]},
					{"origin": [1, 0, -3], "size": [1, 1, 1], "uv": [36, 40]},
					{"origin": [2, 0, -3], "size": [1, 1, 1], "uv": [40, 40]},
					{"origin": [3, 0, -3], "size": [1, 1, 1], "uv": [44, 40]},
					{"origin": [4, 0, -3], "size": [1, 1, 1], "uv": [48, 40]},
					{"origin": [5, 0, -3], "size": [1, 1, 1], "uv": [52, 40]},
					{"origin": [6, 0, -3], "size": [1, 1, 1], "uv": [56, 40]},
					{"origin": [7, 0, -3], "size": [1, 1, 1], "uv": [60, 40]},
					{"origin": [-8, 0, -4], "size": [1, 1, 1], "uv": [0, 44]},
					{"origin": [-7, 0, -4], "size": [1, 1, 1], "uv": [4, 44]},
					{"origin": [-6, 0, -4], "size": [1, 1, 1], "uv": [8, 44]},
					{"origin": [-5, 0, -4], "size": [1, 1, 1], "uv": [12, 44]},
					{"origin": [-4, 0, -4], "size": [1, 1, 1], "uv": [16, 44]},
					{"origin": [-3, 0, -4], "size": [1, 1, 1], "uv": [20, 44]},
					{"origin": [-2, 0, -4], "size": [1, 1, 1], "uv": [24, 44]},
					{"origin": [-1, 0, -4], "size": [1, 1, 1], "uv": [28, 44]},
					{"origin": [0, 0, -4], "size": [1, 1, 1], "uv": [32, 44]},
					{"origin": [1, 0, -4], "size": [1, 1, 1], "uv": [36, 44]},
					{"origin": [2, 0, -4], "size": [1, 1, 1], "uv": [40, 44]},
					{"origin": [3, 0, -4], "size": [1, 1, 1], "uv": [44, 44]},
					{"origin": [4, 0, -4], "size": [1, 1, 1], "uv": [48, 44]},
					{"origin": [5, 0, -4], "size": [1, 1, 1], "uv": [52, 44]},
					{"origin": [6, 0, -4], "size": [1, 1, 1], "uv": [56, 44]},
					{"origin": [7, 0, -4], "size": [1, 1, 1], "uv": [60, 44]},
					{"origin": [-8, 0, -5], "size": [1, 1, 1], "uv": [0, 48]},
					{"origin": [-7, 0, -5], "size": [1, 1, 1], "uv": [4, 48]},
					{"origin": [-6, 0, -5], "size": [1, 1, 1], "uv": [8, 48]},
					{"origin": [-5, 0, -5], "size": [1, 1, 1], "uv": [12, 48]},
					{"origin": [-4, 0, -5], "size": [1, 1, 1], "uv": [16, 48]},
					{"origin": [-3, 0, -5], "size": [1, 1, 1], "uv": [20, 48]},
					{"origin": [-2, 0, -5], "size": [1, 1, 1], "uv": [24, 48]},
					{"origin": [-1, 0, -5], "size": [1, 1, 1], "uv": [28, 48]},
					{"origin": [0, 0, -5], "size": [1, 1, 1], "uv": [32, 48]},
					{"origin": [1, 0, -5], "size": [1, 1, 1], "uv": [36, 48]},
					{"origin": [2, 0, -5], "size": [1, 1, 1], "uv": [40, 48]},
					{"origin": [3, 0, -5], "size": [1, 1, 1], "uv": [44, 48]},
					{"origin": [4, 0, -5], "size": [1, 1, 1], "uv": [48, 48]},
					{"origin": [5, 0, -5], "size": [1, 1, 1], "uv": [52, 48]},
					{"origin": [6, 0, -5], "size": [1, 1, 1], "uv": [56, 48]},
					{"origin": [7, 0, -5], "size": [1, 1, 1], "uv": [60, 48]},
					{"origin": [-8, 0, -6], "size": [1, 1, 1], "uv": [0, 52]},
					{"origin": [-7, 0, -6], "size": [1, 1, 1], "uv": [4, 52]},
					{"origin": [-6, 0, -6], "size": [1, 1, 1], "uv": [8, 52]},
					{"origin": [-5, 0, -6], "size": [1, 1, 1], "uv": [12, 52]},
					{"origin": [-4, 0, -6], "size": [1, 1, 1], "uv": [16, 52]},
					{"origin": [-3, 0, -6], "size": [1, 1, 1], "uv": [20, 52]},
					{"origin": [-2, 0, -6], "size": [1, 1, 1], "uv": [24, 52]},
					{"origin": [-1, 0, -6], "size": [1, 1, 1], "uv": [28, 52]},
					{"origin": [0, 0, -6], "size": [1, 1, 1], "uv": [32, 52]},
					{"origin": [1, 0, -6], "size": [1, 1, 1], "uv": [36, 52]},
					{"origin": [2, 0, -6], "size": [1, 1, 1], "uv": [40, 52]},
					{"origin": [3, 0, -6], "size": [1, 1, 1], "uv": [44, 52]},
					{"origin": [4, 0, -6], "size": [1, 1, 1], "uv": [48, 52]},
					{"origin": [5, 0, -6], "size": [1, 1, 1], "uv": [52, 52]},
					{"origin": [6, 0, -6], "size": [1, 1, 1], "uv": [56, 52]},
					{"origin": [7, 0, -6], "size": [1, 1, 1], "uv": [60, 52]},
					{"origin": [-8, 0, -7], "size": [1, 1, 1], "uv": [0, 56]},
					{"origin": [-7, 0, -7], "size": [1, 1, 1], "uv": [4, 56]},
					{"origin": [-6, 0, -7], "size": [1, 1, 1], "uv": [8, 56]},
					{"origin": [-5, 0, -7], "size": [1, 1, 1], "uv": [12, 56]},
					{"origin": [-4, 0, -7], "size": [1, 1, 1], "uv": [16, 56]},
					{"origin": [-3, 0, -7], "size": [1, 1, 1], "uv": [20, 56]},
					{"origin": [-2, 0, -7], "size": [1, 1, 1], "uv": [24, 56]},
					{"origin": [-1, 0, -7], "size": [1, 1, 1], "uv": [28, 56]},
					{"origin": [0, 0, -7], "size": [1, 1, 1], "uv": [32, 56]},
					{"origin": [1, 0, -7], "size": [1, 1, 1], "uv": [36, 56]},
					{"origin": [2, 0, -7], "size": [1, 1, 1], "uv": [40, 56]},
					{"origin": [3, 0, -7], "size": [1, 1, 1], "uv": [44, 56]},
					{"origin": [4, 0, -7], "size": [1, 1, 1], "uv": [48, 56]},
					{"origin": [5, 0, -7], "size": [1, 1, 1], "uv": [52, 56]},
					{"origin": [6, 0, -7], "size": [1, 1, 1], "uv": [56, 56]},
					{"origin": [7, 0, -7], "size": [1, 1, 1], "uv": [60, 56]},
					{"origin": [-8, 0, -8], "size": [1, 1, 1], "uv": [0, 60]},
					{"origin": [-7, 0, -8], "size": [1, 1, 1], "uv": [4, 60]},
					{"origin": [-6, 0, -8], "size": [1, 1, 1], "uv": [8, 60]},
					{"origin": [-5, 0, -8], "size": [1, 1, 1], "uv": [12, 60]},
					{"origin": [-4, 0, -8], "size": [1, 1, 1], "uv": [16, 60]},
					{"origin": [-3, 0, -8], "size": [1, 1, 1], "uv": [20, 60]},
					{"origin": [-2, 0, -8], "size": [1, 1, 1], "uv": [24, 60]},
					{"origin": [-1, 0, -8], "size": [1, 1, 1], "uv": [28, 60]},
					{"origin": [0, 0, -8], "size": [1, 1, 1], "uv": [32, 60]},
					{"origin": [1, 0, -8], "size": [1, 1, 1], "uv": [36, 60]},
					{"origin": [2, 0, -8], "size": [1, 1, 1], "uv": [40, 60]},
					{"origin": [3, 0, -8], "size": [1, 1, 1], "uv": [44, 60]},
					{"origin": [4, 0, -8], "size": [1, 1, 1], "uv": [48, 60]},
					{"origin": [5, 0, -8], "size": [1, 1, 1], "uv": [52, 60]},
					{"origin": [6, 0, -8], "size": [1, 1, 1], "uv": [56, 60]},
					{"origin": [7, 0, -8], "size": [1, 1, 1], "uv": [60, 60]}
				]
			}
		]
	},
	"geometry.gadget": {
		"texturewidth": 32,
		"textureheight": 16,
		"visible_bounds_width": 2,
		"visible_bounds_height": 1,
		"visible_bounds_offset": [0, 0.5, 0],
		"bones": [
			{
				"name": "gadget",
				"pivot": [0, 0, 0]
			},
			{
				"name": "cage1",
				"parent": "gadget",
				"pivot": [0, 0, 0],
				"cubes": [
					{"origin": [4, 0, -8], "size": [4, 4, 4], "uv": [0, 0]},
					{"origin": [4, 12, -8], "size": [4, 4, 4], "uv": [0, 0]},
					{"origin": [-4, 1, -7], "size": [8, 2, 2], "uv": [0, 12]},
					{"origin": [-2, 0, -3], "size": [4, 3, 1], "uv": [3, 3]},
					{"origin": [-1, 1, -5], "size": [2, 2, 2], "uv": [12, 0]},
					{"origin": [3, 1, -1], "size": [2, 2, 2], "uv": [12, 0]},
					{"origin": [-5, 1, -1], "size": [2, 2, 2], "uv": [12, 0]},
					{"origin": [-1, 1, 3], "size": [2, 2, 2], "uv": [12, 0]},
					{"origin": [-2, 0, -2], "size": [4, 2, 4], "uv": [16, 0]},
					{"origin": [5, 4, -7], "size": [2, 8, 2], "uv": [20, 6]},
					{"origin": [-4, 13, -7], "size": [8, 2, 2], "uv": [0, 8]}
				]
			},
			{
				"name": "cage2",
				"parent": "gadget",
				"pivot": [0, 0, 0],
				"rotation": [0, 90, 0],
				"cubes": [
					{"origin": [4, 0, -8], "size": [4, 4, 4], "uv": [0, 0]},
					{"origin": [4, 12, -8], "size": [4, 4, 4], "uv": [0, 0]},
					{"origin": [-4, 1, -7], "size": [8, 2, 2], "uv": [0, 12]},
					{"origin": [5, 4, -7], "size": [2, 8, 2], "uv": [20, 6]},
					{"origin": [-4, 13, -7], "size": [8, 2, 2], "uv": [0, 8]},
					{"origin": [-2, 0, -3], "size": [4, 3, 1], "uv": [3, 3]}
				]
			},
			{
				"name": "cage3",
				"parent": "gadget",
				"pivot": [0, 0, 0],
				"rotation": [0, 180, 0],
				"cubes": [
					{"origin": [4, 0, -8], "size": [4, 4, 4], "uv": [0, 0]},
					{"origin": [4, 12, -8], "size": [4, 4, 4], "uv": [0, 0]},
					{"origin": [-4, 1, -7], "size": [8, 2, 2], "uv": [0, 12]},
					{"origin": [5, 4, -7], "size": [2, 8, 2], "uv": [20, 6]},
					{"origin": [-4, 13, -7], "size": [8, 2, 2], "uv": [0, 8]},
					{"origin": [-2, 0, -3], "size": [4, 3, 1], "uv": [3, 3]}
				]
			},
			{
				"name": "cage4",
				"parent": "gadget",
				"pivot": [0, 0, 0],
				"rotation": [0, -90, 0],
				"cubes": [
					{"origin": [4, 0, -8], "size": [4, 4, 4], "uv": [0, 0]},
					{"origin": [-2, 0, -3], "size": [4, 3, 1], "uv": [3, 3]},
					{"origin": [4, 12, -8], "size": [4, 4, 4], "uv": [0, 0]},
					{"origin": [-4, 1, -7], "size": [8, 2, 2], "uv": [0, 12]},
					{"origin": [5, 4, -7], "size": [2, 8, 2], "uv": [20, 6]},
					{"origin": [-4, 13, -7], "size": [8, 2, 2], "uv": [0, 8]}
				]
			}
		]
	},
	"geometry.active": {
		"texturewidth": 64,
		"textureheight": 32,
		"visible_bounds_width": 2,
		"visible_bounds_height": 1,
		"visible_bounds_offset": [0, 0.5, 0],
		"bones": [
			{
				"name": "activity",
				"pivot": [0, 8, 0],
				"cubes": [
					{"origin": [-8, -3, -8], "size": [16, 16, 16], "uv": [0, 0], "inflate": -5}
				]
			}
		]
	},
	"geometry.auto_harvester.marker": {
		"texturewidth": 1,
		"textureheight": 1,
		"visible_bounds_width": 10,
		"visible_bounds_height": 1,
		"visible_bounds_offset": [0, 0.5, 0],
		"bones": [
			{
				"name": "marker",
				"pivot": [0, 0, 0],
				"cubes": [
					{"origin": [-40, 0, -9], "size": [80, 1, 1], "uv": [0, 0], "inflate": 0.02},
					{"origin": [-40, 15, -9], "size": [80, 1, 1], "uv": [0, 0], "inflate": 0.02},
					{"origin": [-40, 0, -88], "size": [80, 1, 1], "uv": [0, 0], "inflate": 0.02},
					{"origin": [-40, 15, -88], "size": [80, 1, 1], "uv": [0, 0], "inflate": 0.02},
					{"origin": [39, 1, -88], "size": [1, 14, 1], "uv": [0, 0], "inflate": 0.02},
					{"origin": [-40, 1, -88], "size": [1, 14, 1], "uv": [0, 0], "inflate": 0.02},
					{"origin": [39, 1, -9], "size": [1, 14, 1], "uv": [0, 0], "inflate": 0.02},
					{"origin": [-40, 1, -9], "size": [1, 14, 1], "uv": [0, 0], "inflate": 0.02},
					{"origin": [39, 0, -87], "size": [1, 1, 78], "uv": [0, 0], "inflate": 0.02},
					{"origin": [39, 15, -87], "size": [1, 1, 78], "uv": [0, 0], "inflate": 0.02},
					{"origin": [-40, 0, -87], "size": [1, 1, 78], "uv": [0, 0], "inflate": 0.02},
					{"origin": [-40, 15, -87], "size": [1, 1, 78], "uv": [0, 0], "inflate": 0.02}
				]
			}
		]
	},
	"geometry.auto_collector.marker": {
		"texturewidth": 1,
		"textureheight": 1,
		"visible_bounds_width": 8,
		"visible_bounds_height": 7,
		"visible_bounds_offset": [0, 3.5, 0],
		"bones": [
			{
				"name": "marker_small",
				"pivot": [0, 0, 0],
				"cubes": [
					{"origin": [23, -16, -24], "size": [1, 1, 48], "uv": [0, 0], "inflate": 0.02},
					{"origin": [23, 31, -24], "size": [1, 1, 48], "uv": [0, 0], "inflate": 0.02},
					{"origin": [-24, -16, -24], "size": [1, 1, 48], "uv": [0, 0], "inflate": 0.02},
					{"origin": [-24, 31, -24], "size": [1, 1, 48], "uv": [0, 0], "inflate": 0.02},
					{"origin": [-23, -16, -24], "size": [46, 1, 1], "uv": [0, 0], "inflate": 0.02},
					{"origin": [-23, 31, -24], "size": [46, 1, 1], "uv": [0, 0], "inflate": 0.02},
					{"origin": [-23, -16, 23], "size": [46, 1, 1], "uv": [0, 0], "inflate": 0.02},
					{"origin": [-23, 31, 23], "size": [46, 1, 1], "uv": [0, 0], "inflate": 0.02},
					{"origin": [23, -15, 23], "size": [1, 46, 1], "uv": [0, 0], "inflate": 0.02},
					{"origin": [-24, -15, 23], "size": [1, 46, 1], "uv": [0, 0], "inflate": 0.02},
					{"origin": [23, -15, -24], "size": [1, 46, 1], "uv": [0, 0], "inflate": 0.02},
					{"origin": [-24, -15, -24], "size": [1, 46, 1], "uv": [0, 0], "inflate": 0.02}
				]
			},
			{
				"name": "marker_medium",
				"pivot": [0, 0, 0],
				"cubes": [
					{"origin": [-40, -32, -40], "size": [1, 1, 80], "uv": [0, 0], "inflate": 0.02},
					{"origin": [-40, 47, -40], "size": [1, 1, 80], "uv": [0, 0], "inflate": 0.02},
					{"origin": [39, -32, -40], "size": [1, 1, 80], "uv": [0, 0], "inflate": 0.02},
					{"origin": [39, 47, -40], "size": [1, 1, 80], "uv": [0, 0], "inflate": 0.02},
					{"origin": [-39, -32, -40], "size": [78, 1, 1], "uv": [0, 0], "inflate": 0.02},
					{"origin": [-39, 47, -40], "size": [78, 1, 1], "uv": [0, 0], "inflate": 0.02},
					{"origin": [-39, -32, 39], "size": [78, 1, 1], "uv": [0, 0], "inflate": 0.02},
					{"origin": [-39, 47, 39], "size": [78, 1, 1], "uv": [0, 0], "inflate": 0.02},
					{"origin": [39, -31, 39], "size": [1, 78, 1], "uv": [0, 0], "inflate": 0.02},
					{"origin": [-40, -31, 39], "size": [1, 78, 1], "uv": [0, 0], "inflate": 0.02},
					{"origin": [-40, -31, -40], "size": [1, 78, 1], "uv": [0, 0], "inflate": 0.02},
					{"origin": [39, -31, -40], "size": [1, 78, 1], "uv": [0, 0], "inflate": 0.02}
				]
			},
			{
				"name": "marker_large",
				"pivot": [0, 0, 0],
				"cubes": [
					{"origin": [-56, -48, 55], "size": [112, 1, 1], "uv": [0, 0], "inflate": 0.02},
					{"origin": [-56, 63, 55], "size": [112, 1, 1], "uv": [0, 0], "inflate": 0.02},
					{"origin": [-56, -48, -56], "size": [112, 1, 1], "uv": [0, 0], "inflate": 0.02},
					{"origin": [-56, 63, -56], "size": [112, 1, 1], "uv": [0, 0], "inflate": 0.02},
					{"origin": [55, -48, -55], "size": [1, 1, 110], "uv": [0, 0], "inflate": 0.02},
					{"origin": [55, 63, -55], "size": [1, 1, 110], "uv": [0, 0], "inflate": 0.02},
					{"origin": [-56, -48, -55], "size": [1, 1, 110], "uv": [0, 0], "inflate": 0.02},
					{"origin": [-56, 63, -55], "size": [1, 1, 110], "uv": [0, 0], "inflate": 0.02},
					{"origin": [-56, -47, -56], "size": [1, 110, 1], "uv": [0, 0], "inflate": 0.02},
					{"origin": [-56, -47, 55], "size": [1, 110, 1], "uv": [0, 0], "inflate": 0.02},
					{"origin": [55, -47, -56], "size": [1, 110, 1], "uv": [0, 0], "inflate": 0.02},
					{"origin": [55, -47, 55], "size": [1, 110, 1], "uv": [0, 0], "inflate": 0.02}
				]
			}
		]
	},
	"geometry.item_shredder": {
		"texturewidth": 16,
		"textureheight": 24,
		"visible_bounds_width": 2,
		"visible_bounds_height": 1,
		"visible_bounds_offset": [0, 0.5, 0],
		"bones": [
			{
				"name": "shredder",
				"pivot": [0, 0, 0],
				"cubes": [
					{"origin": [4, 9, -4], "size": [4, 4, 4], "uv": [0, 16]},
					{"origin": [-8, 9, -4], "size": [4, 4, 4], "uv": [0, 16]},
					{"origin": [3, 10.5, -2.5], "size": [1, 1, 1], "uv": [11, 7]},
					{"origin": [1, 10.5, -2.5], "size": [1, 1, 1], "uv": [11, 7]},
					{"origin": [-3, 10.5, -2.5], "size": [1, 1, 1], "uv": [11, 7]},
					{"origin": [-1, 10.5, -2.5], "size": [1, 1, 1], "uv": [11, 7]},
					{"origin": [-8, 9, 0], "size": [4, 4, 4], "uv": [0, 16]},
					{"origin": [4, 9, 0], "size": [4, 4, 4], "uv": [0, 16]}
				]
			},
			{
				"name": "front_row",
				"pivot": [0, 0, 0]
			},
			{
				"name": "blade_set_1",
				"parent": "front_row",
				"pivot": [0, 11, -2]
			},
			{
				"name": "cog1",
				"parent": "blade_set_1",
				"pivot": [2.5, 11, -2],
				"cubes": [
					{"origin": [2, 8.5, -4.5], "size": [1, 5, 5], "uv": [4, 6]},
					{"origin": [2, 13.5, -2.5], "size": [1, 1, 2], "uv": [10, 3]},
					{"origin": [2, 7.5, -3.5], "size": [1, 1, 2], "uv": [10, 0]},
					{"origin": [2, 9.5, 0.5], "size": [1, 2, 1], "uv": [0, 14]},
					{"origin": [2, 12.5, 0.5], "size": [1, 1, 1], "uv": [11, 9]},
					{"origin": [2, 13.5, -4.5], "size": [1, 1, 1], "uv": [11, 9]},
					{"origin": [2, 7.5, -0.5], "size": [1, 1, 1], "uv": [11, 9]},
					{"origin": [2, 8.5, -5.5], "size": [1, 1, 1], "uv": [11, 9]},
					{"origin": [2, 10.5, -5.5], "size": [1, 2, 1], "uv": [0, 17]}
				]
			},
			{
				"name": "cog2",
				"parent": "blade_set_1",
				"pivot": [0.5, 11, -2],
				"rotation": [-20, 0, 0],
				"cubes": [
					{"origin": [0, 8.5, -4.5], "size": [1, 5, 5], "uv": [4, 6]},
					{"origin": [0, 13.5, -2.5], "size": [1, 1, 2], "uv": [10, 3]},
					{"origin": [0, 7.5, -3.5], "size": [1, 1, 2], "uv": [10, 0]},
					{"origin": [0, 9.5, 0.5], "size": [1, 2, 1], "uv": [0, 14]},
					{"origin": [0, 12.5, 0.5], "size": [1, 1, 1], "uv": [11, 9]},
					{"origin": [0, 13.5, -4.5], "size": [1, 1, 1], "uv": [11, 9]},
					{"origin": [0, 7.5, -0.5], "size": [1, 1, 1], "uv": [11, 9]},
					{"origin": [0, 8.5, -5.5], "size": [1, 1, 1], "uv": [11, 9]},
					{"origin": [0, 10.5, -5.5], "size": [1, 2, 1], "uv": [0, 17]}
				]
			},
			{
				"name": "cog3",
				"parent": "blade_set_1",
				"pivot": [-1.5, 11, -2],
				"rotation": [-40, 0, 0],
				"cubes": [
					{"origin": [-2, 8.5, -4.5], "size": [1, 5, 5], "uv": [4, 6]},
					{"origin": [-2, 13.5, -2.5], "size": [1, 1, 2], "uv": [10, 3]},
					{"origin": [-2, 7.5, -3.5], "size": [1, 1, 2], "uv": [10, 0]},
					{"origin": [-2, 9.5, 0.5], "size": [1, 2, 1], "uv": [0, 14]},
					{"origin": [-2, 12.5, 0.5], "size": [1, 1, 1], "uv": [11, 9]},
					{"origin": [-2, 13.5, -4.5], "size": [1, 1, 1], "uv": [11, 9]},
					{"origin": [-2, 7.5, -0.5], "size": [1, 1, 1], "uv": [11, 9]},
					{"origin": [-2, 8.5, -5.5], "size": [1, 1, 1], "uv": [11, 9]},
					{"origin": [-2, 10.5, -5.5], "size": [1, 2, 1], "uv": [0, 17]}
				]
			},
			{
				"name": "cog4",
				"parent": "blade_set_1",
				"pivot": [-3.5, 11, -2],
				"rotation": [-60, 0, 0],
				"cubes": [
					{"origin": [-4, 8.5, -4.5], "size": [1, 5, 5], "uv": [4, 6]},
					{"origin": [-4, 13.5, -2.5], "size": [1, 1, 2], "uv": [10, 3]},
					{"origin": [-4, 7.5, -3.5], "size": [1, 1, 2], "uv": [10, 0]},
					{"origin": [-4, 9.5, 0.5], "size": [1, 2, 1], "uv": [0, 14]},
					{"origin": [-4, 12.5, 0.5], "size": [1, 1, 1], "uv": [11, 9]},
					{"origin": [-4, 13.5, -4.5], "size": [1, 1, 1], "uv": [11, 9]},
					{"origin": [-4, 7.5, -0.5], "size": [1, 1, 1], "uv": [11, 9]},
					{"origin": [-4, 8.5, -5.5], "size": [1, 1, 1], "uv": [11, 9]},
					{"origin": [-4, 10.5, -5.5], "size": [1, 2, 1], "uv": [0, 17]}
				]
			},
			{
				"name": "back_row",
				"pivot": [0, 0, 0],
				"rotation": [0, 180, 0]
			},
			{
				"name": "blade_set_2",
				"parent": "back_row",
				"pivot": [0, 11, -2]
			},
			{
				"name": "cog5",
				"parent": "blade_set_2",
				"pivot": [2.5, 11, -2],
				"rotation": [-60, 0, 0],
				"cubes": [
					{"origin": [2, 8.5, -4.5], "size": [1, 5, 5], "uv": [4, 6]},
					{"origin": [2, 13.5, -2.5], "size": [1, 1, 2], "uv": [10, 3]},
					{"origin": [2, 7.5, -3.5], "size": [1, 1, 2], "uv": [10, 0]},
					{"origin": [2, 9.5, 0.5], "size": [1, 2, 1], "uv": [0, 14]},
					{"origin": [2, 12.5, 0.5], "size": [1, 1, 1], "uv": [11, 9]},
					{"origin": [2, 13.5, -4.5], "size": [1, 1, 1], "uv": [11, 9]},
					{"origin": [2, 7.5, -0.5], "size": [1, 1, 1], "uv": [11, 9]},
					{"origin": [2, 8.5, -5.5], "size": [1, 1, 1], "uv": [11, 9]},
					{"origin": [2, 10.5, -5.5], "size": [1, 2, 1], "uv": [0, 17]}
				]
			},
			{
				"name": "cog6",
				"parent": "blade_set_2",
				"pivot": [0.5, 11, -2],
				"rotation": [-40, 0, 0],
				"cubes": [
					{"origin": [0, 8.5, -4.5], "size": [1, 5, 5], "uv": [4, 6]},
					{"origin": [0, 13.5, -2.5], "size": [1, 1, 2], "uv": [10, 3]},
					{"origin": [0, 7.5, -3.5], "size": [1, 1, 2], "uv": [10, 0]},
					{"origin": [0, 9.5, 0.5], "size": [1, 2, 1], "uv": [0, 14]},
					{"origin": [0, 12.5, 0.5], "size": [1, 1, 1], "uv": [11, 9]},
					{"origin": [0, 13.5, -4.5], "size": [1, 1, 1], "uv": [11, 9]},
					{"origin": [0, 7.5, -0.5], "size": [1, 1, 1], "uv": [11, 9]},
					{"origin": [0, 8.5, -5.5], "size": [1, 1, 1], "uv": [11, 9]},
					{"origin": [0, 10.5, -5.5], "size": [1, 2, 1], "uv": [0, 17]}
				]
			},
			{
				"name": "cog7",
				"parent": "blade_set_2",
				"pivot": [-1.5, 11, -2],
				"rotation": [-20, 0, 0],
				"cubes": [
					{"origin": [-2, 8.5, -4.5], "size": [1, 5, 5], "uv": [4, 6]},
					{"origin": [-2, 13.5, -2.5], "size": [1, 1, 2], "uv": [10, 3]},
					{"origin": [-2, 7.5, -3.5], "size": [1, 1, 2], "uv": [10, 0]},
					{"origin": [-2, 9.5, 0.5], "size": [1, 2, 1], "uv": [0, 14]},
					{"origin": [-2, 12.5, 0.5], "size": [1, 1, 1], "uv": [11, 9]},
					{"origin": [-2, 13.5, -4.5], "size": [1, 1, 1], "uv": [11, 9]},
					{"origin": [-2, 7.5, -0.5], "size": [1, 1, 1], "uv": [11, 9]},
					{"origin": [-2, 8.5, -5.5], "size": [1, 1, 1], "uv": [11, 9]},
					{"origin": [-2, 10.5, -5.5], "size": [1, 2, 1], "uv": [0, 17]}
				]
			},
			{
				"name": "cog8",
				"parent": "blade_set_2",
				"pivot": [-3.5, 11, -2],
				"cubes": [
					{"origin": [-4, 8.5, -4.5], "size": [1, 5, 5], "uv": [4, 6]},
					{"origin": [-4, 13.5, -2.5], "size": [1, 1, 2], "uv": [10, 3]},
					{"origin": [-4, 7.5, -3.5], "size": [1, 1, 2], "uv": [10, 0]},
					{"origin": [-4, 9.5, 0.5], "size": [1, 2, 1], "uv": [0, 14]},
					{"origin": [-4, 12.5, 0.5], "size": [1, 1, 1], "uv": [11, 9]},
					{"origin": [-4, 13.5, -4.5], "size": [1, 1, 1], "uv": [11, 9]},
					{"origin": [-4, 7.5, -0.5], "size": [1, 1, 1], "uv": [11, 9]},
					{"origin": [-4, 8.5, -5.5], "size": [1, 1, 1], "uv": [11, 9]},
					{"origin": [-4, 10.5, -5.5], "size": [1, 2, 1], "uv": [0, 17]}
				]
			}
		]
	},
	"geometry.solar_generator": {
		"texturewidth": 64,
		"textureheight": 64,
		"visible_bounds_width": 4,
		"visible_bounds_height": 3,
		"visible_bounds_offset": [0, 1.5, 0],
		"bones": [
			{
				"name": "base",
				"pivot": [0, 0, 0],
				"cubes": [
					{"origin": [-4, 0, -4], "size": [8, 10, 8], "uv": [0, 0]},
					{"origin": [-2, 10, -2], "size": [4, 4, 4], "uv": [0, 18]},
					{"origin": [-2, 18, -2], "size": [4, 4, 4], "uv": [0, 18]},
					{"origin": [-2, 26, -2], "size": [4, 4, 4], "uv": [0, 18]},
					{"origin": [-2, 14, -2], "size": [4, 4, 4], "uv": [0, 18]},
					{"origin": [-2, 22, -2], "size": [4, 4, 4], "uv": [0, 18]},
					{"origin": [-2, 30, -2], "size": [4, 4, 4], "uv": [0, 18]}
				]
			},
			{
				"name": "panel",
				"parent": "base",
				"pivot": [0, 34, 0],
				"rotation": [20, 0, 0],
				"cubes": [
					{"origin": [-17, 32, -2], "size": [4, 4, 4], "uv": [16, 18]},
					{"origin": [13, 32, -2], "size": [4, 4, 4], "uv": [16, 18], "mirror": true},
					{"origin": [-2, 32, -2], "size": [4, 4, 4], "uv": [16, 18], "inflate": 0.5},
					{"origin": [-13, 33, -1], "size": [12, 2, 2], "uv": [0, 28]},
					{"origin": [1, 33, -1], "size": [12, 2, 2], "uv": [0, 28], "mirror": true}
				]
			},
			{
				"name": "top_panels",
				"parent": "panel",
				"pivot": [0, 36, 0],
				"rotation": [-90, 0, 0],
				"cubes": [
					{"origin": [-18, 30, -2], "size": [4, 6, 1], "uv": [36, 25]},
					{"origin": [14, 30, -2], "size": [4, 6, 1], "uv": [36, 25]},
					{"origin": [-14, 30, -2], "size": [4, 6, 1], "uv": [36, 25]},
					{"origin": [10, 30, -2], "size": [4, 6, 1], "uv": [36, 25]},
					{"origin": [-10, 30, -2], "size": [4, 6, 1], "uv": [36, 25]},
					{"origin": [6, 30, -2], "size": [4, 6, 1], "uv": [36, 25]},
					{"origin": [-6, 30, -2], "size": [4, 6, 1], "uv": [36, 25]},
					{"origin": [2, 30, -2], "size": [4, 6, 1], "uv": [36, 25]},
					{"origin": [-18, 36, -2], "size": [4, 6, 1], "uv": [36, 25]},
					{"origin": [14, 36, -2], "size": [4, 6, 1], "uv": [36, 25]},
					{"origin": [-14, 36, -2], "size": [4, 6, 1], "uv": [36, 25]},
					{"origin": [10, 36, -2], "size": [4, 6, 1], "uv": [36, 25]},
					{"origin": [-10, 36, -2], "size": [4, 6, 1], "uv": [36, 25]},
					{"origin": [6, 36, -2], "size": [4, 6, 1], "uv": [36, 25]},
					{"origin": [-6, 36, -2], "size": [4, 6, 1], "uv": [36, 25]},
					{"origin": [2, 36, -2], "size": [4, 6, 1], "uv": [36, 25]},
					{"origin": [-19, 29, -1], "size": [18, 14, 1], "uv": [0, 32]},
					{"origin": [1, 29, -1], "size": [18, 14, 1], "uv": [0, 32], "mirror": true}
				]
			}
		]
	},
	"geometry.solar_generator.marker": {
		"texturewidth": 1,
		"textureheight": 1,
		"visible_bounds_width": 10,
		"visible_bounds_height": 1,
		"visible_bounds_offset": [0, 0.5, 0],
		"bones": [
			{
				"name": "marker",
				"pivot": [0, 0, 0],
				"rotation": [0, 180, 0],
				"cubes": [
					{"origin": [-24, 0, -9], "size": [48, 1, 1], "uv": [0, 0], "inflate": 0.02},
					{"origin": [-24, 15, -9], "size": [48, 1, 1], "uv": [0, 0], "inflate": 0.02},
					{"origin": [-24, 0, -71], "size": [1, 1, 62], "uv": [0, 0], "inflate": 0.02},
					{"origin": [-24, 15, -71], "size": [1, 1, 62], "uv": [0, 0], "inflate": 0.02},
					{"origin": [23, 0, -71], "size": [1, 1, 62], "uv": [0, 0], "inflate": 0.02},
					{"origin": [23, 15, -71], "size": [1, 1, 62], "uv": [0, 0], "inflate": 0.02},
					{"origin": [-24, 0, -72], "size": [48, 1, 1], "uv": [0, 0], "inflate": 0.02},
					{"origin": [-24, 15, -72], "size": [48, 1, 1], "uv": [0, 0], "inflate": 0.02},
					{"origin": [23, 1, -72], "size": [1, 14, 1], "uv": [0, 0], "inflate": 0.02},
					{"origin": [23, 1, -9], "size": [1, 14, 1], "uv": [0, 0], "inflate": 0.02},
					{"origin": [-24, 1, -72], "size": [1, 14, 1], "uv": [0, 0], "inflate": 0.02},
					{"origin": [-24, 1, -9], "size": [1, 14, 1], "uv": [0, 0], "inflate": 0.02}
				]
			}
		]
	},
	"geometry.solar_generator.active": {
		"texturewidth": 32,
		"textureheight": 16,
		"visible_bounds_width": 2,
		"visible_bounds_height": 1,
		"visible_bounds_offset": [0, 0.5, 0],
		"bones": [
			{
				"name": "status",
				"pivot": [0, 0, 0],
				"cubes": [
					{"origin": [-8, 40, 1], "size": [16, 16, 0], "uv": [0, 0]}
				]
			}
		]
	},
	"geometry.lunar_generator": {
		"texturewidth": 64,
		"textureheight": 32,
		"visible_bounds_width": 3,
		"visible_bounds_height": 2,
		"visible_bounds_offset": [0, 1, 0],
		"bones": [
			{
				"name": "base",
				"pivot": [0, 0, 0],
				"cubes": [
					{"origin": [-4, 0, -4], "size": [8, 10, 8], "uv": [0, 0]},
					{"origin": [-2, 10, -2], "size": [4, 4, 4], "uv": [0, 18]},
					{"origin": [-2, 22, -2], "size": [4, 4, 4], "uv": [0, 18]},
					{"origin": [-2, 26, -2], "size": [4, 4, 4], "uv": [16, 18], "inflate": 0.5},
					{"origin": [-2, 14, -2], "size": [4, 4, 4], "uv": [0, 18]},
					{"origin": [-2, 18, -2], "size": [4, 4, 4], "uv": [0, 18]}
				]
			},
			{
				"name": "panels",
				"pivot": [0, 8, 0]
			},
			{
				"name": "panel4",
				"parent": "panels",
				"pivot": [0, 8, 0],
				"rotation": [0, 45, 0]
			},
			{
				"name": "rot4",
				"parent": "panel4",
				"pivot": [0, 28, -3],
				"rotation": [-65, 0, 25],
				"cubes": [
					{"origin": [-1, 17, -4], "size": [2, 12, 2], "uv": [54, 7]},
					{"origin": [-5, 13, -5], "size": [10, 14, 1], "uv": [32, 0]},
					{"origin": [-4, 14, -6], "size": [4, 6, 1], "uv": [54, 0]},
					{"origin": [-4, 20, -6], "size": [4, 6, 1], "uv": [54, 0]},
					{"origin": [0, 14, -6], "size": [4, 6, 1], "uv": [54, 0]},
					{"origin": [0, 20, -6], "size": [4, 6, 1], "uv": [54, 0]}
				]
			},
			{
				"name": "panel3",
				"parent": "panels",
				"pivot": [0, 8, 0],
				"rotation": [0, 135, 0]
			},
			{
				"name": "rot3",
				"parent": "panel3",
				"pivot": [0, 28, -3],
				"rotation": [-65, 0, 25],
				"cubes": [
					{"origin": [-1, 17, -4], "size": [2, 12, 2], "uv": [54, 7]},
					{"origin": [-5, 13, -5], "size": [10, 14, 1], "uv": [32, 0]},
					{"origin": [-4, 14, -6], "size": [4, 6, 1], "uv": [54, 0]},
					{"origin": [-4, 20, -6], "size": [4, 6, 1], "uv": [54, 0]},
					{"origin": [0, 14, -6], "size": [4, 6, 1], "uv": [54, 0]},
					{"origin": [0, 20, -6], "size": [4, 6, 1], "uv": [54, 0]}
				]
			},
			{
				"name": "panel2",
				"parent": "panels",
				"pivot": [0, 8, 0],
				"rotation": [0, -135, 0]
			},
			{
				"name": "rot2",
				"parent": "panel2",
				"pivot": [0, 28, -3],
				"rotation": [-65, 0, 25],
				"cubes": [
					{"origin": [-1, 17, -4], "size": [2, 12, 2], "uv": [54, 7]},
					{"origin": [-5, 13, -5], "size": [10, 14, 1], "uv": [32, 0]},
					{"origin": [-4, 14, -6], "size": [4, 6, 1], "uv": [54, 0]},
					{"origin": [-4, 20, -6], "size": [4, 6, 1], "uv": [54, 0]},
					{"origin": [0, 14, -6], "size": [4, 6, 1], "uv": [54, 0]},
					{"origin": [0, 20, -6], "size": [4, 6, 1], "uv": [54, 0]}
				]
			},
			{
				"name": "panel1",
				"parent": "panels",
				"pivot": [0, 8, 0],
				"rotation": [0, -45, 0]
			},
			{
				"name": "rot1",
				"parent": "panel1",
				"pivot": [0, 28, -3],
				"rotation": [-65, 0, 25],
				"cubes": [
					{"origin": [-1, 17, -4], "size": [2, 12, 2], "uv": [54, 7]},
					{"origin": [-5, 13, -5], "size": [10, 14, 1], "uv": [32, 0]},
					{"origin": [-4, 14, -6], "size": [4, 6, 1], "uv": [54, 0]},
					{"origin": [-4, 20, -6], "size": [4, 6, 1], "uv": [54, 0]},
					{"origin": [0, 14, -6], "size": [4, 6, 1], "uv": [54, 0]},
					{"origin": [0, 20, -6], "size": [4, 6, 1], "uv": [54, 0]}
				]
			}
		]
	}
}