{
  "tiers": [
    {
      "groups": [
        {
          "trades": [
            {
              "wants": [ { "item": "minecraft:coal:1", "quantity": 64 }, { "item": "raigen:bundling_unit", "quantity": 1} ],
              "gives": [ { "item": "raigen:charcoal_bundle", "quantity": 1 } ]
            },
            {
              "wants": [ { "item": "minecraft:clay_ball", "quantity": 64 }, { "item": "raigen:bundling_unit", "quantity": 1} ],
              "gives": [ { "item": "raigen:clay_ball_bundle", "quantity": 1 } ]
            },
            {
              "wants": [ { "item": "minecraft:coal:0", "quantity": 64 }, { "item": "raigen:bundling_unit", "quantity": 1} ],
              "gives": [ { "item": "raigen:coal_bundle", "quantity": 1 } ]
            },
            {
              "wants": [ { "item": "minecraft:dye:3", "quantity": 64 }, { "item": "raigen:bundling_unit", "quantity": 1} ],
              "gives": [ { "item": "raigen:cocoa_beans_bundle", "quantity": 1 } ]
            },
            {
              "wants": [ { "item": "minecraft:cooked_beef", "quantity": 64 }, { "item": "raigen:bundling_unit", "quantity": 1} ],
              "gives": [ { "item": "raigen:cooked_beef_bundle", "quantity": 1 } ]
            },
            {
              "wants": [ { "item": "minecraft:cooked_chicken", "quantity": 64 }, { "item": "raigen:bundling_unit", "quantity": 1} ],
              "gives": [ { "item": "raigen:cooked_chicken_bundle", "quantity": 1 } ]
            },
            {
              "wants": [ { "item": "minecraft:cooked_fish", "quantity": 64 }, { "item": "raigen:bundling_unit", "quantity": 1} ],
              "gives": [ { "item": "raigen:cooked_fish_bundle", "quantity": 1 } ]
            },
            {
              "wants": [ { "item": "minecraft:muttoncooked", "quantity": 64 }, { "item": "raigen:bundling_unit", "quantity": 1} ],
              "gives": [ { "item": "raigen:cooked_mutton_bundle", "quantity": 1 } ]
            },
            {
              "wants": [ { "item": "minecraft:cooked_porkchop", "quantity": 64 }, { "item": "raigen:bundling_unit", "quantity": 1} ],
              "gives": [ { "item": "raigen:cooked_porkchop_bundle", "quantity": 1 } ]
            },
            {
              "wants": [ { "item": "minecraft:cooked_rabbit", "quantity": 64 }, { "item": "raigen:bundling_unit", "quantity": 1} ],
              "gives": [ { "item": "raigen:cooked_rabbit_bundle", "quantity": 1 } ]
            },
            {
              "wants": [ { "item": "minecraft:cooked_salmon", "quantity": 64 }, { "item": "raigen:bundling_unit", "quantity": 1} ],
              "gives": [ { "item": "raigen:cooked_salmon_bundle", "quantity": 1 } ]
            },
            {
              "wants": [ { "item": "minecraft:cookie", "quantity": 64 }, { "item": "raigen:bundling_unit", "quantity": 1} ],
              "gives": [ { "item": "raigen:cookie_bundle", "quantity": 1 } ]
            },
            {
              "wants": [ { "item": "minecraft:dye:6", "quantity": 64 }, { "item": "raigen:bundling_unit", "quantity": 1} ],
              "gives": [ { "item": "raigen:cyan_dye_bundle", "quantity": 1 } ]
            },
            {
              "wants": [ { "item": "minecraft:diamond_block", "quantity": 64 }, { "item": "raigen:bundling_unit", "quantity": 1} ],
              "gives": [ { "item": "raigen:diamond_bundle", "quantity": 1 } ]
            },
            {
              "wants": [ { "item": "minecraft:dried_kelp_block", "quantity": 64 }, { "item": "raigen:bundling_unit", "quantity": 1} ],
              "gives": [ { "item": "raigen:dired_kelp_bundle", "quantity": 1 } ]
            },
            {
              "wants": [ { "item": "minecraft:egg", "quantity": 64 }, { "item": "raigen:bundling_unit", "quantity": 1} ],
              "gives": [ { "item": "raigen:egg_bundle", "quantity": 1 } ]
            },
            {
              "wants": [ { "item": "minecraft:emerald_block", "quantity": 64 }, { "item": "raigen:bundling_unit", "quantity": 1} ],
              "gives": [ { "item": "raigen:emerald_bundle", "quantity": 1 } ]
            },
            {
              "wants": [ { "item": "minecraft:appleenchanted", "quantity": 64 }, { "item": "raigen:bundling_unit", "quantity": 1} ],
              "gives": [ { "item": "raigen:enchanted_golden_apple_bundle", "quantity": 1 } ]
            },
            {
              "wants": [ { "item": "minecraft:ender_eye", "quantity": 16 }, { "item": "raigen:bundling_unit", "quantity": 1} ],
              "gives": [ { "item": "raigen:ender_eye_bundle", "quantity": 1 } ]
            },
            {
              "wants": [ { "item": "minecraft:ender_pearl", "quantity": 16 }, { "item": "raigen:bundling_unit", "quantity": 1} ],
              "gives": [ { "item": "raigen:ender_pearl_bundle", "quantity": 1 } ]
            }
          ]
        }
      ]
    }
  ]
}