{
  "tiers": [
    {
      "groups": [
        {
          "trades": [
            {
              "wants": [ { "item": "minecraft:kelp", "quantity": 64 }, { "item": "raigen:bundling_unit", "quantity": 1} ],
              "gives": [ { "item": "raigen:kelp_bundle", "quantity": 1 } ]
            },
            {
              "wants": [ { "item": "minecraft:dye:4", "quantity": 64 }, { "item": "raigen:bundling_unit", "quantity": 1} ],
              "gives": [ { "item": "raigen:lapis_lazuli_bundle", "quantity": 1 } ]
            },
            {
              "wants": [ { "item": "minecraft:ladder", "quantity": 64 }, { "item": "raigen:bundling_unit", "quantity": 1} ],
              "gives": [ { "item": "raigen:ladder_bundle", "quantity": 1 } ]
            },
            {
              "wants": [ { "item": "minecraft:lead", "quantity": 64 }, { "item": "raigen:bundling_unit", "quantity": 1} ],
              "gives": [ { "item": "raigen:lead_bundle", "quantity": 1 } ]
            },
            {
              "wants": [ { "item": "minecraft:leather", "quantity": 64 }, { "item": "raigen:bundling_unit", "quantity": 1} ],
              "gives": [ { "item": "raigen:leather_bundle", "quantity": 1 } ]
            },
            {
              "wants": [ { "item": "minecraft:dye:12", "quantity": 64 }, { "item": "raigen:bundling_unit", "quantity": 1} ],
              "gives": [ { "item": "raigen:light_blue_dye_bundle", "quantity": 1 } ]
            },
            {
              "wants": [ { "item": "minecraft:dye:10", "quantity": 64 }, { "item": "raigen:bundling_unit", "quantity": 1} ],
              "gives": [ { "item": "raigen:lime_dye_bundle", "quantity": 1 } ]
            },
            {
              "wants": [ { "item": "minecraft:dye:13", "quantity": 64 }, { "item": "raigen:bundling_unit", "quantity": 1} ],
              "gives": [ { "item": "raigen:magenta_dye_bundle", "quantity": 1 } ]
            },
            {
              "wants": [ { "item": "minecraft:magma_cream", "quantity": 64 }, { "item": "raigen:bundling_unit", "quantity": 1} ],
              "gives": [ { "item": "raigen:magma_cream_bundle", "quantity": 1 } ]
            },
            {
              "wants": [ { "item": "minecraft:melon_block", "quantity": 64 }, { "item": "raigen:bundling_unit", "quantity": 1} ],
              "gives": [ { "item": "raigen:melon_bundle", "quantity": 1 } ]
            },
            {
              "wants": [ { "item": "minecraft:melon_seeds", "quantity": 64 }, { "item": "raigen:bundling_unit", "quantity": 1} ],
              "gives": [ { "item": "raigen:melon_seeds_bundle", "quantity": 1 } ]
            },
            {
              "wants": [ { "item": "minecraft:name_tag", "quantity": 64 }, { "item": "raigen:bundling_unit", "quantity": 1} ],
              "gives": [ { "item": "raigen:name_tag_bundle", "quantity": 1 } ]
            },
            {
              "wants": [ { "item": "minecraft:nautilus_shell", "quantity": 64 }, { "item": "raigen:bundling_unit", "quantity": 1} ],
              "gives": [ { "item": "raigen:nautilus_shell_bundle", "quantity": 1 } ]
            },
            {
              "wants": [ { "item": "minecraft:netherbrick", "quantity": 64 }, { "item": "raigen:bundling_unit", "quantity": 1} ],
              "gives": [ { "item": "raigen:nether_brick_bundle", "quantity": 1 } ]
            },
            {
              "wants": [ { "item": "minecraft:netherstar", "quantity": 64 }, { "item": "raigen:bundling_unit", "quantity": 1} ],
              "gives": [ { "item": "raigen:nether_star_bundle", "quantity": 1 } ]
            },
            {
              "wants": [ { "item": "minecraft:netherwart", "quantity": 64 }, { "item": "raigen:bundling_unit", "quantity": 1} ],
              "gives": [ { "item": "raigen:netherwart_bundle", "quantity": 1 } ]
            },
            {
              "wants": [ { "item": "minecraft:dye:14", "quantity": 64 }, { "item": "raigen:bundling_unit", "quantity": 1} ],
              "gives": [ { "item": "raigen:orange_dye_bundle", "quantity": 1 } ]
            },
            {
              "wants": [ { "item": "minecraft:painting", "quantity": 64 }, { "item": "raigen:bundling_unit", "quantity": 1} ],
              "gives": [ { "item": "raigen:painting_bundle", "quantity": 1 } ]
            },
            {
              "wants": [ { "item": "minecraft:paper", "quantity": 64 }, { "item": "raigen:bundling_unit", "quantity": 1} ],
              "gives": [ { "item": "raigen:paper_bundle", "quantity": 1 } ]
            },
            {
              "wants": [ { "item": "minecraft:phantom_membrane", "quantity": 64 }, { "item": "raigen:bundling_unit", "quantity": 1} ],
              "gives": [ { "item": "raigen:phantom_membrane_bundle", "quantity": 1 } ]
            }
          ]
        }
      ]
    }
  ]
}