{
  "format_version": "1.16.100",
  "minecraft:block": {
    "description": {
      "identifier": "block:iron_gate",
      "properties": {
        "slab:interact": [
          0,
          1
        ]
      }
    },
    "components": {
      "minecraft:loot": "loot_tables/blocks/block_iron_gate.json",
      "minecraft:destroy_time": 10.0,
      "minecraft:friction": 0.4,
      "minecraft:map_color": "#FFFFFF",
      "minecraft:explosion_resistance": 1.0,
      "minecraft:block_light_absorption": 5.0,
      "minecraft:block_light_emission": 0.0,
      "minecraft:material_instances": {
        "*": {
          "texture": "block_iron_gate",
          "render_method": "blend"
        }
      },
      "tag:wood": {},
      "minecraft:geometry": "geometry.block",
      "minecraft:on_placed": {
        "event": "size:block",
        "target": "self"
      },
      "minecraft:on_player_destroyed": {
        "event": "remove:block",
        "target": "self"
      },
      "minecraft:on_step_on": {
        "event": "step:on",
        "target": "self"
      },
      "minecraft:on_step_off": {
        "event": "step:off",
        "target": "self"
      },
      "minecraft:ticking": {
        "looping": true,
        "range": [
          10,
          10
        ],
        "on_tick": {
          "event": "on_tick",
          "target": "self"
        }
      }
    },
    "permutations": [
      {
        "condition": "query.block_property('slab:interact') == 0",
        "components": {
          "minecraft:geometry": "geometry.pa_slab",
          "minecraft:on_interact": {
            "event": "block",
            "target": "self",
            "condition": "query.get_equipped_item_name('main_hand') == 'iron_gate'"
          },
          "minecraft:entity_collision": {
            "origin": [
              -8,
              0,
              -8
            ],
            "size": [
              16,
              8,
              16
            ]
          },
          "minecraft:pick_collision": {
            "origin": [
              -8,
              0,
              -8
            ],
            "size": [
              16,
              8,
              16
            ]
          }
        }
      },
      {
        "condition": "query.block_property('slab:interact') == 1",
        "components": {
          "minecraft:loot": "loot_tables/slab_double.json",
          "minecraft:unit_cube": {}
        }
      }
    ],
    "events": {
      "block": {
        "set_block_property": {
          "slab:interact": 1
        },
        "decrement_stack": {}
      },
      "on_tick": {
        "run_command": {
          "command": []
        }
      },
      "size:block": {
        "run_command": {
          "command": []
        }
      },
      "remove:block": {
        "run_command": {
          "command": [
            "function damage"
          ]
        }
      },
      "step:on": {
        "run_command": {
          "command": [
            "function damage"
          ]
        }
      },
      "step:off": {
        "run_command": {
          "command": []
        }
      }
    }
  }
}