{
  "format_version": "1.16.100",
  "minecraft:block": {
    "description": {
      "identifier": "block:dirtmonds",
      "category": "Nature"
    },
    "components": {
      "minecraft:loot": "loot_tables/blocks/block_dirtmonds.json",
      "minecraft:destroy_time": 2.0,
      "minecraft:friction": 0.7,
      "minecraft:map_color": "#FFFFFF",
      "minecraft:explosion_resistance": 1.0,
      "minecraft:block_light_absorption": 15.0,
      "minecraft:block_light_emission": 0.0,
      "minecraft:geometry": "geometry.block",
      "minecraft:material_instances": {
        "*": {
          "texture": "block_dirtmonds",
          "render_method": "blend"
        }
      },
      "minecraft:on_placed": {
        "event": "size:block",
        "target": "self"
      },
      "minecraft:on_player_destroyed": {
        "event": "remove:block",
        "target": "self"
      },
      "minecraft:on_step_on": {
        "event": "step:on",
        "target": "self"
      },
      "minecraft:on_step_off": {
        "event": "step:off",
        "target": "self"
      },
      "minecraft:ticking": {
        "looping": true,
        "range": [
          10,
          10
        ],
        "on_tick": {
          "event": "on_tick",
          "target": "self"
        }
      }
    },
    "events": {
      "on_tick": {
        "run_command": {
          "command": []
        }
      },
      "size:block": {
        "run_command": {
          "command": []
        }
      },
      "remove:block": {
        "run_command": {
          "command": []
        }
      },
      "step:on": {
        "run_command": {
          "command": []
        }
      },
      "step:off": {
        "run_command": {
          "command": []
        }
      }
    }
  }
}