{
  "format_version": "1.16.100",
  "minecraft:block": {
    "description": {
      "identifier": "end:star_ore",
      "category": "Nature"
    },
    "components": {
      "minecraft:loot": "loot_tables/blocks/end_star_ore.json",
      "minecraft:destroy_time": 4.0,
      "minecraft:friction": 0.4,
      "minecraft:map_color": "#6800A6",
      "minecraft:explosion_resistance": 100.0,
      "minecraft:block_light_absorption": 0.0,
      "minecraft:block_light_emission": 5.0,
      "minecraft:geometry": "geometry.block",
      "minecraft:material_instances": {
        "*": {
          "texture": "end_star_ore",
          "render_method": "blend"
        }
      },
      "minecraft:on_placed": {
        "event": "size:block",
        "target": "self"
      },
      "minecraft:on_player_destroyed": {
        "event": "remove:block",
        "target": "self"
      },
      "minecraft:on_step_on": {
        "event": "step:on",
        "target": "self"
      },
      "minecraft:on_step_off": {
        "event": "step:off",
        "target": "self"
      },
      "minecraft:ticking": {
        "looping": true,
        "range": [
          10,
          10
        ],
        "on_tick": {
          "event": "on_tick",
          "target": "self"
        }
      }
    },
    "events": {
      "on_tick": {
        "run_command": {
          "command": []
        }
      },
      "size:block": {
        "run_command": {
          "command": []
        }
      },
      "remove:block": {
        "run_command": {
          "command": []
        }
      },
      "step:on": {
        "run_command": {
          "command": []
        }
      },
      "step:off": {
        "run_command": {
          "command": []
        }
      }
    }
  }
}