{
  "format_version": "1.10.0",
  "minecraft:client_entity": {
    "description": {
      "identifier": "gg:safari_black_laptop",
      "materials": {
        "default": "televisor"
      },
      "textures": {
        "default": "textures/entity/pamobile/gg_safari_black_laptop"
      },
      "geometry": {
        "default": "geometry.laptop"
      },
      "render_controllers": [
        "controller.render.translucence"
      ],
      "spawn_egg": {
        "texture": "gg:safari_black_laptop",
        "texture_index": 0
      }
    }
  }
}