{
  "resource_pack_name": "Addon Maker Resource",
  "texture_name": "atlas.items",
  "texture_data": {
    "egg_camel": {
      "textures": "textures/items/egg_camel"
    },
    "egg_lion": {
      "textures": "textures/items/egg_lion"
    },
    "egg_penguin": {
      "textures": "textures/items/egg_penguin"
    },
    "egg_tiger": {
      "textures": "textures/items/egg_tiger"
    },
    "egg_elephant": {
      "textures": "textures/items/egg_elephant"
    },
    "egg_deer": {
      "textures": "textures/items/egg_deer"
    },
    "egg_panther": {
      "textures": "textures/items/egg_panther"
    },
    "egg_frog": {
      "textures": "textures/items/egg_frog"
    },
    "egg_crocodile": {
      "textures": "textures/items/egg_crocodile"
    },
    "egg_mouse": {
      "textures": "textures/items/egg_mouse"
    },
    "gallardo": {
      "textures": "textures/items/gallardo"
    },
    "bench": {
      "textures": "textures/items/bench"
    },
    "christmas_tree": {
      "textures": "textures/items/christmas_tree"
    },
    "tivi": {
      "textures": "textures/items/tivi"
    },
    "closet": {
      "textures": "textures/items/closet"
    },
    "laptop": {
      "textures": "textures/items/laptop"
    },
    "piano": {
      "textures": "textures/items/piano"
    },
    "armchairs": {
      "textures": "textures/items/armchairs"
    },
    "chair": {
      "textures": "textures/items/chair"
    },
    "big_table": {
      "textures": "textures/items/big_table"
    },
    "small_table": {
      "textures": "textures/items/small_table"
    },
    "drone": {
      "textures": "textures/items/drone"
    },
    "colorful_gifts": {
      "textures": "textures/items/colorful_gifts"
    },
    "gg:plastic": {
      "textures": "textures/items/pamobile/gg_plastic"
    },
    "gg:playstation_3": {
      "textures": "textures/items/pamobile/gg_playstation_3"
    },
    "gg:ps3_controller_black": {
      "textures": "textures/items/pamobile/gg_ps3_controller_black"
    },
    "gg:ps3_controller_red": {
      "textures": "textures/items/pamobile/gg_ps3_controller_red"
    },
    "gg:ps3_minecraft": {
      "textures": "textures/items/pamobile/gg_ps3_minecraft"
    },
    "gg:ps3_controller_blue": {
      "textures": "textures/items/pamobile/gg_ps3_controller_blue"
    },
    "gg:android_10_os": {
      "textures": "textures/items/pamobile/gg_android_10_os"
    },
    "gg:gaming_ingot": {
      "textures": "textures/items/pamobile/gg_gaming_ingot"
    },
    "gg:pokemon_go": {
      "textures": "textures/items/pamobile/gg_pokemon_go"
    },
    "gg:ps3_nfs_shift": {
      "textures": "textures/items/pamobile/gg_ps3_nfs_shift"
    },
    "gg:game_inside": {
      "textures": "textures/items/pamobile/gg_game_inside"
    },
    "gg:samsung_tv_1": {
      "textures": "textures/items/pamobile/gg_samsung_tv_1"
    },
    "gg_gaming_sword": {
      "textures": "textures/items/pamobile/gg_gaming_sword"
    },
    "gg:samsung_galaxy_a70": {
      "textures": "textures/items/pamobile/gg_samsung_galaxy_a70"
    },
    "gg:dvd": {
      "textures": "textures/items/pamobile/gg_dvd"
    },
    "gg:chip": {
      "textures": "textures/items/pamobile/gg_chip"
    },
    "gg:ps3_pokemon_blackversion": {
      "textures": "textures/items/pamobile/gg_ps3_pokemon_blackversion"
    },
    "gg:samsung_a70_purple_cover": {
      "textures": "textures/items/pamobile/gg_samsung_a70_purple_cover"
    },
    "gg_gaming_sword2": {
      "textures": "textures/items/pamobile/gg_gaming_sword2"
    },
    "gg:ps3_cbandicoot_2": {
      "textures": "textures/items/pamobile/gg_ps3_cbandicoot_2"
    },
    "gg:ps3_nfs_hotpur": {
      "textures": "textures/items/pamobile/gg_ps3_nfs_hotpur"
    },
    "gg:minecraft_pe": {
      "textures": "textures/items/pamobile/gg_minecraft_pe"
    },
    "gg_apple_airpods_pro": {
      "textures": [
        "textures/items/pamobile/gg_apple_airpods_pro"
      ]
    },
    "gg_silver_headphones": {
      "textures": [
        "textures/items/pamobile/gg_silver_headphones"
      ]
    },
    "gg:android_black_tv": {
      "textures": "textures/items/pamobile/gg_android_black_tv"
    },
    "gg:safari_black_laptop": {
      "textures": "textures/items/pamobile/gg_safari_black_laptop"
    }
  }
}