{
  "format_version": "1.12",
  "minecraft:recipe_shaped": {
    "description": {
      "identifier": "chip_35df3be4"
    },
    "tags": [
      "crafting_table"
    ],
    "pattern": [
      " A ",
      "BCB",
      " A "
    ],
    "key": {
      "A": {
        "item": "minecraft:cobblestone",
        "data": 0
      },
      "B": {
        "item": "gg:plastic",
        "data": 0
      },
      "C": {
        "item": "gg:gaming_ingot",
        "data": 0
      }
    },
    "result": {
      "item": "gg:chip",
      "count": 1
    }
  }
}