{
  "format_version": "1.12",
  "minecraft:recipe_shaped": {
    "description": {
      "identifier": "silver_headphones_d1339ba1"
    },
    "tags": [
      "crafting_table"
    ],
    "pattern": [
      "A A",
      "BCB",
      "A A"
    ],
    "key": {
      "A": {
        "item": "minecraft:iron_ingot",
        "data": 0
      },
      "B": {
        "item": "minecraft:coal_block",
        "data": 0
      },
      "C": {
        "item": "minecraft:noteblock",
        "data": 0
      }
    },
    "result": {
      "item": "gg:silver_headphones",
      "count": 1
    }
  }
}