{
  "format_version": "1.12.0",
  "minecraft:entity": {
    "description": {
      "identifier": "fnpc:locate_e",
      "is_spawnable": true,
      "is_summonable": true,
      "is_experimental": false
    },

    "component_groups": {
      "dsp":{
	  "minecraft:despawn": {
	    "filters": {
		  "all_of": [
		    { "test": "is_family", "subject": "self", "value": "locate_e" }
		  ]
		}
	  }
      }
    },
	
    "components": {
      "minecraft:type_family": {
        "family": [ "locate_e" ]
      },
      "minecraft:collision_box": {
        "width": 0.0,
        "height": 0.0
      },
        "minecraft:damage_sensor": {
          "triggers": {
            "on_damage": {
              "filters": {
                "test": "is_family",
                "subject": "other",
                "value": "npc"
              },
              "event": "dsp"
            },
            "deals_damage": false
          }
        },
	    "minecraft:physics": {
      },
      "minecraft:pushable": {
        "is_pushable": false,
        "is_pushable_by_piston": true
      }
    },
    
    "events": {
      "dsp": {
        "add": {
          "component_groups": [
            "dsp"
          ]
        }
      }
    }
  }
}
