{
  "format_version": "1.13.0",
  "minecraft:entity": {
    "description": {
      "identifier": "minecraft:player",
      "is_spawnable": false,
      "is_summonable": false,
      "is_experimental": false,
	  "scripts": {
	    "animate": [ 
             "previous",
             "next",
             "player_edit1",           
             { "animation": "query.get_equipped_item_name('main_hand') == 'animation'" },
             { "exit_animation": "query.get_equipped_item_name('main_hand') == 'animation_back'" },
             { "walk": "query.get_equipped_item_name('main_hand') == 'walk'" },
             { "exit_walk": "query.get_equipped_item_name('main_hand') == 'walk_back'" },
             { "atack": "query.get_equipped_item_name('main_hand') == 'atack'" },
             { "exit_atack": "query.get_equipped_item_name('main_hand') == 'atack_back'" },
             { "life": "query.get_equipped_item_name('main_hand') == 'life'" },
             { "exit_life": "query.get_equipped_item_name('main_hand') == 'life_back'" },
             { "size": "query.get_equipped_item_name('main_hand') == 'size'" },
             { "exit_size": "query.get_equipped_item_name('main_hand') == 'size_back'" },
             { "strength": "query.get_equipped_item_name('main_hand') == 'strength'" },
             { "exit_strength": "query.get_equipped_item_name('main_hand') == 'strength_back'" },
             { "armor": "query.get_equipped_item_name('main_hand') == 'armor'" },
             { "exit_armor": "query.get_equipped_item_name('main_hand') == 'armor_back'" },
             { "items": "query.get_equipped_item_name('main_hand') == 'items'" },
             { "exit_items": "query.get_equipped_item_name('main_hand') == 'items_back'" },
             { "items2": "query.get_equipped_item_name('main_hand') == 'item2'" },
             { "exit_items2": "query.get_equipped_item_name('main_hand') == 'item2_back'" },
             { "other_function": "query.get_equipped_item_name('main_hand') == 'other_functions'" },
             { "exit_other_function": "query.get_equipped_item_name('main_hand') == 'other_functions_back'" }
	        ]
	  },
	  "animations": {
	    "next": "controller.animation.item_next",
	    "previous": "controller.animation.item_previous",
	    "player_edit1": "controller.animation.player_edit1",
	    "animation": "controller.animation.item_animation",
	    "exit_animation": "controller.animation.item_exit_animation",
	    "walk": "controller.animation.item_walk",
	    "exit_walk": "controller.animation.item_exit_walk",
	    "atack": "controller.animation.item_atack",
	    "exit_atack": "controller.animation.item_exit_atack",
	    "life": "controller.animation.item_life",
	    "exit_life": "controller.animation.item_exit_life",
	    "size": "controller.animation.item_size",
	    "exit_size": "controller.animation.item_exit_size",
	    "strength": "controller.animation.item_strength",
	    "exit_strength": "controller.animation.item_exit_strength",
	    "armor": "controller.animation.item_armor",
	    "exit_armor": "controller.animation.item_exit_armor",
	    "items": "controller.animation.item_items",
	    "exit_items": "controller.animation.item_exit_items",
	    "items2": "controller.animation.item_items2",
	    "exit_items2": "controller.animation.item_exit_items2",
	    "other_function": "controller.animation.item_other_function",
	    "exit_other_function": "controller.animation.item_exit_other_function"
	  }
    },

    "component_groups": {
      "minecraft:add_bad_omen": {
        "minecraft:spell_effects": {
          "add_effects": [
            {
              "effect": "bad_omen",
              "duration": 6000,
              "display_on_screen_animation": true
            }
          ]
        },
        "minecraft:timer": {
          "time": [ 0.0, 0.0 ],
          "looping": false,
          "time_down_event": {
            "event": "minecraft:clear_add_bad_omen",
            "target": "self"
          }
        }
      },
      "minecraft:clear_bad_omen_spell_effect": {
        "minecraft:spell_effects": {
        }
      },
      "minecraft:raid_trigger": {
        "minecraft:raid_trigger": {
          "triggered_event": {
            "event": "minecraft:remove_raid_trigger",
            "target": "self"
          }
        },
        "minecraft:spell_effects": {
          "remove_effects": "bad_omen"
        }
      }
    },

    "components": {
      "minecraft:experience_reward": {
        "on_death": "Math.Min(query.player_level * 7, 100)"
      },
      "minecraft:type_family": {
        "family": [ "player" ]
      },
      "minecraft:is_hidden_when_invisible": {
      },
      "minecraft:loot": {
        "table": "loot_tables/empty.json"
      },
      "minecraft:collision_box": {
        "width": 0.6,
        "height": 1.8
      },
      "minecraft:can_climb": {
      },
      "minecraft:movement": {
        "value": 0.1
      },
      "minecraft:hurt_on_condition": {
        "damage_conditions": [
          {
            "filters": { "test": "in_lava", "subject": "self", "operator": "==", "value": true },
            "cause": "lava",
            "damage_per_tick": 4
          }
        ]
      },
      "minecraft:attack": {
        "damage": 1
      },
      "minecraft:player.saturation": {
        "value": 20
      },
      "minecraft:player.exhaustion": {
        "value": 0,
        "max": 4
      },
      "minecraft:player.level": {
        "value": 0,
        "max": 24791
      },
      "minecraft:player.experience": {
        "value": 0,
        "max": 1
      },
      "minecraft:breathable": {
        "total_supply": 15,
        "suffocate_time": -1,
        "inhale_time": 3.75,
        "generates_bubbles": false
      },
      "minecraft:nameable": {
        "always_show": true,
        "allow_name_tag_renaming": false
      },
      "minecraft:physics": {
      },
      "minecraft:pushable": {
        "is_pushable": false,
        "is_pushable_by_piston": true
      },
      "minecraft:insomnia": {
        "days_until_insomnia": 3
      },
      "minecraft:rideable": {
        "seat_count": 2,
        "family_types": [
          "parrot_tame"
        ],
        "pull_in_entities": true,
        "seats": [
          {
            "position": [ 0.4, -0.2, -0.1 ],
            "min_rider_count": 0,
            "max_rider_count": 0,
            "lock_rider_rotation": 0
          },
          {
            "position": [ -0.4, -0.2, -0.1 ],
            "min_rider_count": 1,
            "max_rider_count": 2,
            "lock_rider_rotation": 0
          }
        ]
      },
      "minecraft:scaffolding_climber": {},
      "minecraft:environment_sensor": {
        "triggers": {
          "filters": {
            "all_of": [
              {
                "test": "has_mob_effect",
                "subject": "self",
                "value": "bad_omen"
              },
              {
                "test": "is_in_village",
                "subject": "self",
                "value": true
              }
            ]
          },
          "event": "minecraft:trigger_raid"
        }
      }
    },

    "events": {
      "minecraft:gain_bad_omen": {
        "add": {
          "component_groups": [
            "minecraft:add_bad_omen"
          ]
        }
      },
      "minecraft:clear_add_bad_omen": {
        "remove": {
          "component_groups": [
            "minecraft:add_bad_omen"
          ]
        },
        "add": {
          "component_groups": [
            "minecraft:clear_bad_omen_spell_effect"
          ]
        }
      },
      "minecraft:trigger_raid": {
        "add": {
          "component_groups": [ "minecraft:raid_trigger" ]
        }
      },
      "minecraft:remove_raid_trigger": {
        "remove": {
          "component_groups": [ "minecraft:raid_trigger" ]
        }
      }
    }
  }
}




