{
	"geometry.laptop": {
		"texturewidth": 64,
		"textureheight": 64,
		"visible_bounds_width": 1,
		"visible_bounds_height": 1,
		"visible_bounds_offset": [0, 0.5, 0],
		"bones": [
			{
				"name": "body",
				"pivot": [0, 0, 0],
				"cubes": [
					{"origin": [-8, 0, -8], "size": [16, 1, 12], "uv": [0, 13]}
				]
			},
			{
				"name": "body1",
				"pivot": [0, 1, 0],
				"rotation": [76, 0, 0],
				"cubes": [
					{"origin": [-8, -3.88, 0.968], "size": [16, 1, 12], "uv": [0, 0]}
				]
			}
		]
	}
}