{
  "tiers": [
    {
      "trades": [
        {//inicio//
          "wants": [
            {
              "item": "minecraft:coal",  //vender//
              "quantity": {
                "min": 18,
                "max": 18
              }
            }
          ],
          "gives": [
            {
              "item": "minecraft:emerald",  //comprar//
              "quantity": {
                "min": 5,
                "max": 5
              }

            }
          ]
        }//fim//
      ]
    }
  ]
}