{"id":"1594599802388","name":"Player drop ","pools":[{"rolls":6,"entries":[{"type":"item","weight":1,"name":"minecraft:acacia_door","functions":[{"function":"set_count","count":{"min":1,"max":1}}]},{"type":"item","weight":1,"name":"minecraft:acacia_fence_gate","functions":[{"function":"set_count","count":{"min":1,"max":1}}]},{"type":"item","weight":1,"name":"minecraft:acacia_pressure_plate","functions":[{"function":"set_count","count":{"min":1,"max":1}}]},{"type":"item","weight":1,"name":"minecraft:anvil","functions":[{"function":"set_count","count":{"min":1,"max":1}}]},{"type":"item","weight":1,"name":"minecraft:anvil","functions":[{"function":"set_count","count":{"min":1,"max":1}}]},{"type":"item","weight":1,"name":"minecraft:anvil","functions":[{"function":"set_count","count":{"min":1,"max":1}}]},{"type":"item","weight":1,"name":"minecraft:apple","functions":[{"function":"set_count","count":{"min":1,"max":1}}]},{"type":"item","weight":1,"name":"minecraft:arrow","functions":[{"function":"set_count","count":{"min":1,"max":1}}]},{"type":"item","weight":1,"name":"minecraft:arrow","functions":[{"function":"set_count","count":{"min":1,"max":1}}]},{"type":"item","weight":1,"name":"minecraft:arrow","functions":[{"function":"set_count","count":{"min":1,"max":1}}]},{"type":"item","weight":1,"name":"minecraft:arrow","functions":[{"function":"set_count","count":{"min":1,"max":1}}]},{"type":"item","weight":1,"name":"minecraft:arrow","functions":[{"function":"set_count","count":{"min":1,"max":1}}]},{"type":"item","weight":1,"name":"minecraft:arrow","functions":[{"function":"set_count","count":{"min":1,"max":1}}]},{"type":"item","weight":1,"name":"minecraft:arrow","functions":[{"function":"set_count","count":{"min":1,"max":1}}]},{"type":"item","weight":1,"name":"minecraft:arrow","functions":[{"function":"set_count","count":{"min":1,"max":1}}]},{"type":"item","weight":1,"name":"minecraft:arrow","functions":[{"function":"set_count","count":{"min":1,"max":1}}]},{"type":"item","weight":1,"name":"minecraft:arrow","functions":[{"function":"set_count","count":{"min":1,"max":1}}]},{"type":"item","weight":1,"name":"minecraft:arrow","functions":[{"function":"set_count","count":{"min":1,"max":1}}]},{"type":"item","weight":1,"name":"minecraft:arrow","functions":[{"function":"set_count","count":{"min":1,"max":1}}]},{"type":"item","weight":1,"name":"minecraft:arrow","functions":[{"function":"set_count","count":{"min":1,"max":1}}]},{"type":"item","weight":1,"name":"minecraft:arrow","functions":[{"function":"set_count","count":{"min":1,"max":1}}]},{"type":"item","weight":1,"name":"minecraft:arrow","functions":[{"function":"set_count","count":{"min":1,"max":1}}]},{"type":"item","weight":1,"name":"minecraft:arrow","functions":[{"function":"set_count","count":{"min":1,"max":1}}]},{"type":"item","weight":1,"name":"minecraft:arrow","functions":[{"function":"set_count","count":{"min":1,"max":1}}]},{"type":"item","weight":1,"name":"minecraft:arrow","functions":[{"function":"set_count","count":{"min":1,"max":1}}]},{"type":"item","weight":1,"name":"minecraft:arrow","functions":[{"function":"set_count","count":{"min":1,"max":1}}]},{"type":"item","weight":1,"name":"minecraft:arrow","functions":[{"function":"set_count","count":{"min":1,"max":1}}]},{"type":"item","weight":1,"name":"minecraft:arrow","functions":[{"function":"set_count","count":{"min":1,"max":1}}]},{"type":"item","weight":1,"name":"minecraft:arrow","functions":[{"function":"set_count","count":{"min":1,"max":1}}]},{"type":"item","weight":1,"name":"minecraft:arrow","functions":[{"function":"set_count","count":{"min":1,"max":1}}]},{"type":"item","weight":1,"name":"minecraft:arrow","functions":[{"function":"set_count","count":{"min":1,"max":1}}]},{"type":"item","weight":1,"name":"minecraft:arrow","functions":[{"function":"set_count","count":{"min":1,"max":1}}]},{"type":"item","weight":1,"name":"minecraft:arrow","functions":[{"function":"set_count","count":{"min":1,"max":1}}]},{"type":"item","weight":1,"name":"minecraft:arrow","functions":[{"function":"set_count","count":{"min":1,"max":1}}]},{"type":"item","weight":1,"name":"minecraft:arrow","functions":[{"function":"set_count","count":{"min":1,"max":1}}]},{"type":"item","weight":1,"name":"minecraft:arrow","functions":[{"function":"set_count","count":{"min":1,"max":1}}]},{"type":"item","weight":1,"name":"minecraft:arrow","functions":[{"function":"set_count","count":{"min":1,"max":1}}]},{"type":"item","weight":1,"name":"minecraft:arrow","functions":[{"function":"set_count","count":{"min":1,"max":1}}]},{"type":"item","weight":1,"name":"minecraft:arrow","functions":[{"function":"set_count","count":{"min":1,"max":1}}]},{"type":"item","weight":1,"name":"minecraft:arrow","functions":[{"function":"set_count","count":{"min":1,"max":1}}]},{"type":"item","weight":1,"name":"minecraft:arrow","functions":[{"function":"set_count","count":{"min":1,"max":1}}]},{"type":"item","weight":1,"name":"minecraft:arrow","functions":[{"function":"set_count","count":{"min":1,"max":1}}]},{"type":"item","weight":1,"name":"minecraft:arrow","functions":[{"function":"set_count","count":{"min":1,"max":1}}]},{"type":"item","weight":1,"name":"minecraft:arrow","functions":[{"function":"set_count","count":{"min":1,"max":1}}]},{"type":"item","weight":1,"name":"minecraft:arrow","functions":[{"function":"set_count","count":{"min":1,"max":1}}]},{"type":"item","weight":1,"name":"minecraft:baked_potato","functions":[{"function":"set_count","count":{"min":1,"max":1}}]},{"type":"item","weight":1,"name":"minecraft:bamboo","functions":[{"function":"set_count","count":{"min":1,"max":1}}]},{"type":"item","weight":1,"name":"minecraft:barrel","functions":[{"function":"set_count","count":{"min":1,"max":1}}]},{"type":"item","weight":1,"name":"minecraft:bed","functions":[{"function":"set_count","count":{"min":1,"max":1}}]},{"type":"item","weight":1,"name":"minecraft:bed","functions":[{"function":"set_count","count":{"min":1,"max":1}}]},{"type":"item","weight":1,"name":"minecraft:bed","functions":[{"function":"set_count","count":{"min":1,"max":1}}]},{"type":"item","weight":1,"name":"minecraft:bed","functions":[{"function":"set_count","count":{"min":1,"max":1}}]},{"type":"item","weight":1,"name":"minecraft:bed","functions":[{"function":"set_count","count":{"min":1,"max":1}}]},{"type":"item","weight":1,"name":"minecraft:bed","functions":[{"function":"set_count","count":{"min":1,"max":1}}]},{"type":"item","weight":1,"name":"minecraft:bed","functions":[{"function":"set_count","count":{"min":1,"max":1}}]},{"type":"item","weight":1,"name":"minecraft:bed","functions":[{"function":"set_count","count":{"min":1,"max":1}}]},{"type":"item","weight":1,"name":"minecraft:bed","functions":[{"function":"set_count","count":{"min":1,"max":1}}]},{"type":"item","weight":1,"name":"minecraft:bed","functions":[{"function":"set_count","count":{"min":1,"max":1}}]},{"type":"item","weight":1,"name":"minecraft:bed","functions":[{"function":"set_count","count":{"min":1,"max":1}}]},{"type":"item","weight":1,"name":"minecraft:bed","functions":[{"function":"set_count","count":{"min":1,"max":1}}]},{"type":"item","weight":1,"name":"minecraft:bed","functions":[{"function":"set_count","count":{"min":1,"max":1}}]},{"type":"item","weight":1,"name":"minecraft:bed","functions":[{"function":"set_count","count":{"min":1,"max":1}}]},{"type":"item","weight":1,"name":"minecraft:bed","functions":[{"function":"set_count","count":{"min":1,"max":1}}]},{"type":"item","weight":1,"name":"minecraft:bed","functions":[{"function":"set_count","count":{"min":1,"max":1}}]},{"type":"item","weight":1,"name":"minecraft:beef","functions":[{"function":"set_count","count":{"min":1,"max":1}}]},{"type":"item","weight":1,"name":"minecraft:beetroot","functions":[{"function":"set_count","count":{"min":1,"max":1}}]},{"type":"item","weight":1,"name":"minecraft:bell","functions":[{"function":"set_count","count":{"min":1,"max":1}}]},{"type":"item","weight":1,"name":"minecraft:birch_sign","functions":[{"function":"set_count","count":{"min":1,"max":1}}]},{"type":"item","weight":1,"name":"minecraft:black_glazed_terracotta","functions":[{"function":"set_count","count":{"min":1,"max":1}}]},{"type":"item","weight":1,"name":"minecraft:blaze_powder","functions":[{"function":"set_count","count":{"min":1,"max":1}}]},{"type":"item","weight":1,"name":"minecraft:blaze_rod","functions":[{"function":"set_count","count":{"min":1,"max":1}}]},{"type":"item","weight":1,"name":"minecraft:blue_ice","functions":[{"function":"set_count","count":{"min":1,"max":1}}]},{"type":"item","weight":1,"name":"minecraft:boat","functions":[{"function":"set_count","count":{"min":1,"max":1}}]},{"type":"item","weight":1,"name":"minecraft:boat","functions":[{"function":"set_count","count":{"min":1,"max":1}}]},{"type":"item","weight":1,"name":"minecraft:boat","functions":[{"function":"set_count","count":{"min":1,"max":1}}]},{"type":"item","weight":1,"name":"minecraft:boat","functions":[{"function":"set_count","count":{"min":1,"max":1}}]},{"type":"item","weight":1,"name":"minecraft:boat","functions":[{"function":"set_count","count":{"min":1,"max":1}}]},{"type":"item","weight":1,"name":"minecraft:boat","functions":[{"function":"set_count","count":{"min":1,"max":1}}]},{"type":"item","weight":1,"name":"minecraft:bone","functions":[{"function":"set_count","count":{"min":1,"max":1}}]},{"type":"item","weight":1,"name":"minecraft:book","functions":[{"function":"set_count","count":{"min":1,"max":1}}]},{"type":"item","weight":1,"name":"minecraft:bookshelf","functions":[{"function":"set_count","count":{"min":1,"max":1}}]},{"type":"item","weight":1,"name":"minecraft:bow","functions":[{"function":"set_count","count":{"min":1,"max":1}}]},{"type":"item","weight":1,"name":"minecraft:bowl","functions":[{"function":"set_count","count":{"min":1,"max":1}}]},{"type":"item","weight":1,"name":"minecraft:bread","functions":[{"function":"set_count","count":{"min":1,"max":1}}]},{"type":"item","weight":1,"name":"minecraft:brick","functions":[{"function":"set_count","count":{"min":1,"max":1}}]},{"type":"item","weight":1,"name":"minecraft:bucket","functions":[{"function":"set_count","count":{"min":1,"max":1}}]},{"type":"item","weight":1,"name":"minecraft:bucket","functions":[{"function":"set_count","count":{"min":1,"max":1}}]},{"type":"item","weight":1,"name":"minecraft:bucket","functions":[{"function":"set_count","count":{"min":1,"max":1}}]},{"type":"item","weight":1,"name":"minecraft:bucket","functions":[{"function":"set_count","count":{"min":1,"max":1}}]},{"type":"item","weight":1,"name":"minecraft:bucket","functions":[{"function":"set_count","count":{"min":1,"max":1}}]},{"type":"item","weight":1,"name":"minecraft:bucket","functions":[{"function":"set_count","count":{"min":1,"max":1}}]},{"type":"item","weight":1,"name":"minecraft:bucket","functions":[{"function":"set_count","count":{"min":1,"max":1}}]},{"type":"item","weight":1,"name":"minecraft:bucket","functions":[{"function":"set_count","count":{"min":1,"max":1}}]},{"type":"item","weight":1,"name":"minecraft:cactus","functions":[{"function":"set_count","count":{"min":1,"max":1}}]},{"type":"item","weight":1,"name":"minecraft:cake","functions":[{"function":"set_count","count":{"min":1,"max":1}}]},{"type":"item","weight":1,"name":"minecraft:campfire","functions":[{"function":"set_count","count":{"min":1,"max":1}}]},{"type":"item","weight":1,"name":"minecraft:carrot","functions":[{"function":"set_count","count":{"min":1,"max":1}}]},{"type":"item","weight":1,"name":"minecraft:carved_pumpkin","functions":[{"function":"set_count","count":{"min":1,"max":1}}]},{"type":"item","weight":1,"name":"minecraft:chest","functions":[{"function":"set_count","count":{"min":1,"max":1}}]},{"type":"item","weight":1,"name":"minecraft:chicken","functions":[{"function":"set_count","count":{"min":1,"max":1}}]},{"type":"item","weight":1,"name":"minecraft:clock","functions":[{"function":"set_count","count":{"min":1,"max":1}}]},{"type":"item","weight":1,"name":"minecraft:clownfish","functions":[{"function":"set_count","count":{"min":1,"max":1}}]},{"type":"item","weight":1,"name":"minecraft:coal","functions":[{"function":"set_count","count":{"min":1,"max":1}}]},{"type":"item","weight":1,"name":"minecraft:coal","functions":[{"function":"set_count","count":{"min":1,"max":1}}]},{"type":"item","weight":1,"name":"minecraft:cobblestone","functions":[{"function":"set_count","count":{"min":1,"max":1}}]},{"type":"item","weight":1,"name":"minecraft:compass","functions":[{"function":"set_count","count":{"min":1,"max":1}}]},{"type":"item","weight":1,"name":"minecraft:composter","functions":[{"function":"set_count","count":{"min":1,"max":1}}]},{"type":"item","weight":1,"name":"minecraft:cooked_beef","functions":[{"function":"set_count","count":{"min":1,"max":1}}]},{"type":"item","weight":1,"name":"minecraft:cooked_chicken","functions":[{"function":"set_count","count":{"min":1,"max":1}}]},{"type":"item","weight":1,"name":"minecraft:cooked_fish","functions":[{"function":"set_count","count":{"min":1,"max":1}}]},{"type":"item","weight":1,"name":"minecraft:cooked_porkchop","functions":[{"function":"set_count","count":{"min":1,"max":1}}]},{"type":"item","weight":1,"name":"minecraft:cooked_rabbit","functions":[{"function":"set_count","count":{"min":1,"max":1}}]},{"type":"item","weight":1,"name":"minecraft:cooked_salmon","functions":[{"function":"set_count","count":{"min":1,"max":1}}]},{"type":"item","weight":1,"name":"minecraft:crafting_table","functions":[{"function":"set_count","count":{"min":1,"max":1}}]},{"type":"item","weight":1,"name":"minecraft:crossbow","functions":[{"function":"set_count","count":{"min":1,"max":1}}]},{"type":"item","weight":1,"name":"minecraft:dark_oak_door","functions":[{"function":"set_count","count":{"min":1,"max":1}}]},{"type":"item","weight":1,"name":"minecraft:dark_oak_stairs","functions":[{"function":"set_count","count":{"min":1,"max":1}}]},{"type":"item","weight":1,"name":"minecraft:deadbush","functions":[{"function":"set_count","count":{"min":1,"max":1}}]},{"type":"item","weight":1,"name":"minecraft:diamond","functions":[{"function":"set_count","count":{"min":1,"max":1}}]},{"type":"item","weight":1,"name":"minecraft:dirt","functions":[{"function":"set_count","count":{"min":1,"max":1}}]},{"type":"item","weight":1,"name":"minecraft:dirt","functions":[{"function":"set_count","count":{"min":1,"max":1}}]},{"type":"item","weight":1,"name":"minecraft:dried_kelp","functions":[{"function":"set_count","count":{"min":1,"max":1}}]},{"type":"item","weight":1,"name":"minecraft:dye","functions":[{"function":"set_count","count":{"min":1,"max":1}}]},{"type":"item","weight":1,"name":"minecraft:dye","functions":[{"function":"set_count","count":{"min":1,"max":1}}]},{"type":"item","weight":1,"name":"minecraft:dye","functions":[{"function":"set_count","count":{"min":1,"max":1}}]},{"type":"item","weight":1,"name":"minecraft:dye","functions":[{"function":"set_count","count":{"min":1,"max":1}}]},{"type":"item","weight":1,"name":"minecraft:dye","functions":[{"function":"set_count","count":{"min":1,"max":1}}]},{"type":"item","weight":1,"name":"minecraft:dye","functions":[{"function":"set_count","count":{"min":1,"max":1}}]},{"type":"item","weight":1,"name":"minecraft:dye","functions":[{"function":"set_count","count":{"min":1,"max":1}}]},{"type":"item","weight":1,"name":"minecraft:dye","functions":[{"function":"set_count","count":{"min":1,"max":1}}]},{"type":"item","weight":1,"name":"minecraft:dye","functions":[{"function":"set_count","count":{"min":1,"max":1}}]},{"type":"item","weight":1,"name":"minecraft:dye","functions":[{"function":"set_count","count":{"min":1,"max":1}}]},{"type":"item","weight":1,"name":"minecraft:dye","functions":[{"function":"set_count","count":{"min":1,"max":1}}]},{"type":"item","weight":1,"name":"minecraft:dye","functions":[{"function":"set_count","count":{"min":1,"max":1}}]},{"type":"item","weight":1,"name":"minecraft:dye","functions":[{"function":"set_count","count":{"min":1,"max":1}}]},{"type":"item","weight":1,"name":"minecraft:dye","functions":[{"function":"set_count","count":{"min":1,"max":1}}]},{"type":"item","weight":1,"name":"minecraft:dye","functions":[{"function":"set_count","count":{"min":1,"max":1}}]},{"type":"item","weight":1,"name":"minecraft:dye","functions":[{"function":"set_count","count":{"min":1,"max":1}}]},{"type":"item","weight":1,"name":"minecraft:dye","functions":[{"function":"set_count","count":{"min":1,"max":1}}]},{"type":"item","weight":1,"name":"minecraft:dye","functions":[{"function":"set_count","count":{"min":1,"max":1}}]},{"type":"item","weight":1,"name":"minecraft:dye","functions":[{"function":"set_count","count":{"min":1,"max":1}}]},{"type":"item","weight":1,"name":"minecraft:dye","functions":[{"function":"set_count","count":{"min":1,"max":1}}]},{"type":"item","weight":1,"name":"minecraft:egg","functions":[{"function":"set_count","count":{"min":1,"max":1}}]},{"type":"item","weight":1,"name":"minecraft:emerald","functions":[{"function":"set_count","count":{"min":1,"max":1}}]},{"type":"item","weight":1,"name":"minecraft:experience_bottle","functions":[{"function":"set_count","count":{"min":1,"max":1}}]},{"type":"item","weight":1,"name":"minecraft:feather","functions":[{"function":"set_count","count":{"min":1,"max":1}}]},{"type":"item","weight":1,"name":"minecraft:fence","functions":[{"function":"set_count","count":{"min":1,"max":1}}]},{"type":"item","weight":1,"name":"minecraft:fence","functions":[{"function":"set_count","count":{"min":1,"max":1}}]},{"type":"item","weight":1,"name":"minecraft:fence","functions":[{"function":"set_count","count":{"min":1,"max":1}}]},{"type":"item","weight":1,"name":"minecraft:fence","functions":[{"function":"set_count","count":{"min":1,"max":1}}]},{"type":"item","weight":1,"name":"minecraft:fence","functions":[{"function":"set_count","count":{"min":1,"max":1}}]},{"type":"item","weight":1,"name":"minecraft:fence","functions":[{"function":"set_count","count":{"min":1,"max":1}}]},{"type":"item","weight":1,"name":"minecraft:fireball","functions":[{"function":"set_count","count":{"min":1,"max":1}}]},{"type":"item","weight":1,"name":"minecraft:fireworks","functions":[{"function":"set_count","count":{"min":1,"max":1}}]},{"type":"item","weight":1,"name":"minecraft:fish","functions":[{"function":"set_count","count":{"min":1,"max":1}}]},{"type":"item","weight":1,"name":"minecraft:fishing_rod","functions":[{"function":"set_count","count":{"min":1,"max":1}}]},{"type":"item","weight":1,"name":"minecraft:fletching_table","functions":[{"function":"set_count","count":{"min":1,"max":1}}]},{"type":"item","weight":1,"name":"minecraft:flint","functions":[{"function":"set_count","count":{"min":1,"max":1}}]},{"type":"item","weight":1,"name":"minecraft:flint_and_steel","functions":[{"function":"set_count","count":{"min":1,"max":1}}]},{"type":"item","weight":1,"name":"minecraft:flower_pot","functions":[{"function":"set_count","count":{"min":1,"max":1}}]},{"type":"item","weight":1,"name":"minecraft:furnace","functions":[{"function":"set_count","count":{"min":1,"max":1}}]},{"type":"item","weight":1,"name":"minecraft:glass_bottle","functions":[{"function":"set_count","count":{"min":1,"max":1}}]},{"type":"item","weight":1,"name":"minecraft:glowstone_dust","functions":[{"function":"set_count","count":{"min":1,"max":1}}]},{"type":"item","weight":1,"name":"minecraft:gold_ingot","functions":[{"function":"set_count","count":{"min":1,"max":1}}]},{"type":"item","weight":1,"name":"minecraft:gold_nugget","functions":[{"function":"set_count","count":{"min":1,"max":1}}]},{"type":"item","weight":1,"name":"minecraft:golden_sword","functions":[{"function":"set_count","count":{"min":1,"max":1}}]},{"type":"item","weight":1,"name":"minecraft:grindstone","functions":[{"function":"set_count","count":{"min":1,"max":1}}]},{"type":"item","weight":1,"name":"minecraft:gunpowder","functions":[{"function":"set_count","count":{"min":1,"max":1}}]},{"type":"item","weight":1,"name":"minecraft:honey_bottle","functions":[{"function":"set_count","count":{"min":1,"max":1}}]},{"type":"item","weight":1,"name":"minecraft:ice","functions":[{"function":"set_count","count":{"min":1,"max":1}}]},{"type":"item","weight":1,"name":"minecraft:iron_axe","functions":[{"function":"set_count","count":{"min":1,"max":1}}]},{"type":"item","weight":1,"name":"minecraft:iron_nugget","functions":[{"function":"set_count","count":{"min":1,"max":1}}]},{"type":"item","weight":1,"name":"minecraft:iron_ore","functions":[{"function":"set_count","count":{"min":1,"max":1}}]},{"type":"item","weight":1,"name":"minecraft:iron_pickaxe","functions":[{"function":"set_count","count":{"min":1,"max":1}}]},{"type":"item","weight":1,"name":"minecraft:iron_sword","functions":[{"function":"set_count","count":{"min":1,"max":1}}]},{"type":"item","weight":1,"name":"minecraft:lead","functions":[{"function":"set_count","count":{"min":1,"max":1}}]},{"type":"item","weight":1,"name":"minecraft:leather","functions":[{"function":"set_count","count":{"min":1,"max":1}}]},{"type":"item","weight":1,"name":"minecraft:light_weighted_pressure_plate","functions":[{"function":"set_count","count":{"min":1,"max":1}}]},{"type":"item","weight":1,"name":"minecraft:log","functions":[{"function":"set_count","count":{"min":1,"max":1}}]},{"type":"item","weight":1,"name":"minecraft:log","functions":[{"function":"set_count","count":{"min":1,"max":1}}]},{"type":"item","weight":1,"name":"minecraft:log","functions":[{"function":"set_count","count":{"min":1,"max":1}}]},{"type":"item","weight":1,"name":"minecraft:log","functions":[{"function":"set_count","count":{"min":1,"max":1}}]},{"type":"item","weight":1,"name":"minecraft:magma","functions":[{"function":"set_count","count":{"min":1,"max":1}}]},{"type":"item","weight":1,"name":"minecraft:melon_seeds","functions":[{"function":"set_count","count":{"min":1,"max":1}}]},{"type":"item","weight":1,"name":"minecraft:mushroom_stew","functions":[{"function":"set_count","count":{"min":1,"max":1}}]},{"type":"item","weight":1,"name":"minecraft:muttoncooked","functions":[{"function":"set_count","count":{"min":1,"max":1}}]},{"type":"item","weight":1,"name":"minecraft:muttonraw","functions":[{"function":"set_count","count":{"min":1,"max":1}}]},{"type":"item","weight":1,"name":"minecraft:name_tag","functions":[{"function":"set_count","count":{"min":1,"max":1}}]},{"type":"item","weight":1,"name":"minecraft:nether_wart","functions":[{"function":"set_count","count":{"min":1,"max":1}}]},{"type":"item","weight":1,"name":"minecraft:phantom_membrane","functions":[{"function":"set_count","count":{"min":1,"max":1}}]},{"type":"item","weight":1,"name":"minecraft:planks","functions":[{"function":"set_count","count":{"min":1,"max":1}}]},{"type":"item","weight":1,"name":"minecraft:planks","functions":[{"function":"set_count","count":{"min":1,"max":1}}]},{"type":"item","weight":1,"name":"minecraft:planks","functions":[{"function":"set_count","count":{"min":1,"max":1}}]},{"type":"item","weight":1,"name":"minecraft:planks","functions":[{"function":"set_count","count":{"min":1,"max":1}}]},{"type":"item","weight":1,"name":"minecraft:planks","functions":[{"function":"set_count","count":{"min":1,"max":1}}]},{"type":"item","weight":1,"name":"minecraft:planks","functions":[{"function":"set_count","count":{"min":1,"max":1}}]},{"type":"item","weight":1,"name":"minecraft:poisonous_potato","functions":[{"function":"set_count","count":{"min":1,"max":1}}]},{"type":"item","weight":1,"name":"minecraft:porkchop","functions":[{"function":"set_count","count":{"min":1,"max":1}}]},{"type":"item","weight":1,"name":"minecraft:potato","functions":[{"function":"set_count","count":{"min":1,"max":1}}]},{"type":"item","weight":1,"name":"minecraft:prismarine_crystals","functions":[{"function":"set_count","count":{"min":1,"max":1}}]},{"type":"item","weight":1,"name":"minecraft:pufferfish","functions":[{"function":"set_count","count":{"min":1,"max":1}}]},{"type":"item","weight":1,"name":"minecraft:pumpkin","functions":[{"function":"set_count","count":{"min":1,"max":1}}]},{"type":"item","weight":1,"name":"minecraft:pumpkin_pie","functions":[{"function":"set_count","count":{"min":1,"max":1}}]},{"type":"item","weight":1,"name":"minecraft:pumpkin_seeds","functions":[{"function":"set_count","count":{"min":1,"max":1}}]},{"type":"item","weight":1,"name":"minecraft:quartz","functions":[{"function":"set_count","count":{"min":1,"max":1}}]},{"type":"item","weight":1,"name":"minecraft:rabbit","functions":[{"function":"set_count","count":{"min":1,"max":1}}]},{"type":"item","weight":1,"name":"minecraft:rabbit_foot","functions":[{"function":"set_count","count":{"min":1,"max":1}}]},{"type":"item","weight":1,"name":"minecraft:rabbit_hide","functions":[{"function":"set_count","count":{"min":1,"max":1}}]},{"type":"item","weight":1,"name":"minecraft:rabbit_stew","functions":[{"function":"set_count","count":{"min":1,"max":1}}]},{"type":"item","weight":1,"name":"minecraft:rail","functions":[{"function":"set_count","count":{"min":1,"max":1}}]},{"type":"item","weight":1,"name":"minecraft:red_mushroom","functions":[{"function":"set_count","count":{"min":1,"max":1}}]},{"type":"item","weight":1,"name":"minecraft:redstone","functions":[{"function":"set_count","count":{"min":1,"max":1}}]},{"type":"item","weight":1,"name":"minecraft:redstone_torch","functions":[{"function":"set_count","count":{"min":1,"max":1}}]},{"type":"item","weight":1,"name":"minecraft:reeds","functions":[{"function":"set_count","count":{"min":1,"max":1}}]},{"type":"item","weight":1,"name":"minecraft:rotten_flesh","functions":[{"function":"set_count","count":{"min":1,"max":1}}]},{"type":"item","weight":1,"name":"minecraft:saddle","functions":[{"function":"set_count","count":{"min":1,"max":1}}]},{"type":"item","weight":1,"name":"minecraft:salmon","functions":[{"function":"set_count","count":{"min":1,"max":1}}]},{"type":"item","weight":1,"name":"minecraft:sand","functions":[{"function":"set_count","count":{"min":1,"max":1}}]},{"type":"item","weight":1,"name":"minecraft:sand","functions":[{"function":"set_count","count":{"min":1,"max":1}}]},{"type":"item","weight":1,"name":"minecraft:sandstone","functions":[{"function":"set_count","count":{"min":1,"max":1}}]},{"type":"item","weight":1,"name":"minecraft:sandstone","functions":[{"function":"set_count","count":{"min":1,"max":1}}]},{"type":"item","weight":1,"name":"minecraft:sandstone","functions":[{"function":"set_count","count":{"min":1,"max":1}}]},{"type":"item","weight":1,"name":"minecraft:sandstone","functions":[{"function":"set_count","count":{"min":1,"max":1}}]},{"type":"item","weight":1,"name":"minecraft:sandstone_stairs","functions":[{"function":"set_count","count":{"min":1,"max":1}}]},{"type":"item","weight":1,"name":"minecraft:sapling","functions":[{"function":"set_count","count":{"min":1,"max":1}}]},{"type":"item","weight":1,"name":"minecraft:sapling","functions":[{"function":"set_count","count":{"min":1,"max":1}}]},{"type":"item","weight":1,"name":"minecraft:sapling","functions":[{"function":"set_count","count":{"min":1,"max":1}}]},{"type":"item","weight":1,"name":"minecraft:sapling","functions":[{"function":"set_count","count":{"min":1,"max":1}}]},{"type":"item","weight":1,"name":"minecraft:sapling","functions":[{"function":"set_count","count":{"min":1,"max":1}}]},{"type":"item","weight":1,"name":"minecraft:sapling","functions":[{"function":"set_count","count":{"min":1,"max":1}}]},{"type":"item","weight":1,"name":"minecraft:seagrass","functions":[{"function":"set_count","count":{"min":1,"max":1}}]},{"type":"item","weight":1,"name":"minecraft:sign","functions":[{"function":"set_count","count":{"min":1,"max":1}}]},{"type":"item","weight":1,"name":"minecraft:skull","functions":[{"function":"set_count","count":{"min":1,"max":1}}]},{"type":"item","weight":1,"name":"minecraft:skull","functions":[{"function":"set_count","count":{"min":1,"max":1}}]},{"type":"item","weight":1,"name":"minecraft:skull","functions":[{"function":"set_count","count":{"min":1,"max":1}}]},{"type":"item","weight":1,"name":"minecraft:skull","functions":[{"function":"set_count","count":{"min":1,"max":1}}]},{"type":"item","weight":1,"name":"minecraft:skull","functions":[{"function":"set_count","count":{"min":1,"max":1}}]},{"type":"item","weight":1,"name":"minecraft:skull","functions":[{"function":"set_count","count":{"min":1,"max":1}}]},{"type":"item","weight":1,"name":"minecraft:slime_ball","functions":[{"function":"set_count","count":{"min":1,"max":1}}]},{"type":"item","weight":1,"name":"minecraft:smoker","functions":[{"function":"set_count","count":{"min":1,"max":1}}]},{"type":"item","weight":1,"name":"minecraft:snowball","functions":[{"function":"set_count","count":{"min":1,"max":1}}]},{"type":"item","weight":1,"name":"minecraft:soul_sand","functions":[{"function":"set_count","count":{"min":1,"max":1}}]},{"type":"item","weight":1,"name":"minecraft:speckled_melon","functions":[{"function":"set_count","count":{"min":1,"max":1}}]},{"type":"item","weight":1,"name":"minecraft:spider_eye","functions":[{"function":"set_count","count":{"min":1,"max":1}}]},{"type":"item","weight":1,"name":"minecraft:sponge","functions":[{"function":"set_count","count":{"min":1,"max":1}}]},{"type":"item","weight":1,"name":"minecraft:sponge","functions":[{"function":"set_count","count":{"min":1,"max":1}}]},{"type":"item","weight":1,"name":"minecraft:spruce_button","functions":[{"function":"set_count","count":{"min":1,"max":1}}]},{"type":"item","weight":1,"name":"minecraft:spruce_door","functions":[{"function":"set_count","count":{"min":1,"max":1}}]},{"type":"item","weight":1,"name":"minecraft:spruce_fence_gate","functions":[{"function":"set_count","count":{"min":1,"max":1}}]},{"type":"item","weight":1,"name":"minecraft:spruce_pressure_plate","functions":[{"function":"set_count","count":{"min":1,"max":1}}]},{"type":"item","weight":1,"name":"minecraft:spruce_sign","functions":[{"function":"set_count","count":{"min":1,"max":1}}]},{"type":"item","weight":1,"name":"minecraft:spruce_stairs","functions":[{"function":"set_count","count":{"min":1,"max":1}}]},{"type":"item","weight":1,"name":"minecraft:spruce_trapdoor","functions":[{"function":"set_count","count":{"min":1,"max":1}}]},{"type":"item","weight":1,"name":"minecraft:stick","functions":[{"function":"set_count","count":{"min":1,"max":1}}]},{"type":"item","weight":1,"name":"minecraft:stone_axe","functions":[{"function":"set_count","count":{"min":1,"max":1}}]},{"type":"item","weight":1,"name":"minecraft:stone_hoe","functions":[{"function":"set_count","count":{"min":1,"max":1}}]},{"type":"item","weight":1,"name":"minecraft:stone_pickaxe","functions":[{"function":"set_count","count":{"min":1,"max":1}}]},{"type":"item","weight":1,"name":"minecraft:stone_shovel","functions":[{"function":"set_count","count":{"min":1,"max":1}}]},{"type":"item","weight":1,"name":"minecraft:stone_sword","functions":[{"function":"set_count","count":{"min":1,"max":1}}]},{"type":"item","weight":1,"name":"minecraft:string","functions":[{"function":"set_count","count":{"min":1,"max":1}}]},{"type":"item","weight":1,"name":"minecraft:sugar","functions":[{"function":"set_count","count":{"min":1,"max":1}}]},{"type":"item","weight":1,"name":"minecraft:sweet_berries","functions":[{"function":"set_count","count":{"min":1,"max":1}}]},{"type":"item","weight":1,"name":"minecraft:torch","functions":[{"function":"set_count","count":{"min":1,"max":1}}]},{"type":"item","weight":1,"name":"minecraft:trapdoor","functions":[{"function":"set_count","count":{"min":1,"max":1}}]},{"type":"item","weight":1,"name":"minecraft:trapped_chest","functions":[{"function":"set_count","count":{"min":1,"max":1}}]},{"type":"item","weight":1,"name":"minecraft:wheat","functions":[{"function":"set_count","count":{"min":1,"max":1}}]},{"type":"item","weight":1,"name":"minecraft:wheat_seeds","functions":[{"function":"set_count","count":{"min":1,"max":1}}]},{"type":"item","weight":1,"name":"minecraft:wooden_axe","functions":[{"function":"set_count","count":{"min":1,"max":1}}]},{"type":"item","weight":1,"name":"minecraft:wooden_door","functions":[{"function":"set_count","count":{"min":1,"max":1}}]},{"type":"item","weight":1,"name":"minecraft:wooden_hoe","functions":[{"function":"set_count","count":{"min":1,"max":1}}]},{"type":"item","weight":1,"name":"minecraft:wooden_pickaxe","functions":[{"function":"set_count","count":{"min":1,"max":1}}]},{"type":"item","weight":1,"name":"minecraft:wooden_shovel","functions":[{"function":"set_count","count":{"min":1,"max":1}}]},{"type":"item","weight":1,"name":"minecraft:wooden_slab","functions":[{"function":"set_count","count":{"min":1,"max":1}}]},{"type":"item","weight":1,"name":"minecraft:wooden_slab","functions":[{"function":"set_count","count":{"min":1,"max":1}}]},{"type":"item","weight":1,"name":"minecraft:wooden_slab","functions":[{"function":"set_count","count":{"min":1,"max":1}}]},{"type":"item","weight":1,"name":"minecraft:wooden_slab","functions":[{"function":"set_count","count":{"min":1,"max":1}}]},{"type":"item","weight":1,"name":"minecraft:wooden_slab","functions":[{"function":"set_count","count":{"min":1,"max":1}}]},{"type":"item","weight":1,"name":"minecraft:wooden_slab","functions":[{"function":"set_count","count":{"min":1,"max":1}}]},{"type":"item","weight":1,"name":"minecraft:wooden_sword","functions":[{"function":"set_count","count":{"min":1,"max":1}}]},{"type":"item","weight":1,"name":"minecraft:written_book","functions":[{"function":"set_count","count":{"min":1,"max":1}}]},{"type":"item","weight":1,"name":"minecraft:yellow_flower","functions":[{"function":"set_count","count":{"min":1,"max":1}}]}]}]}