{"id":"1594665395304","name":"Queen Spider ","pools":[{"rolls":3,"entries":[{"type":"item","weight":1,"name":"pa:strong_string","functions":[{"function":"set_count","count":{"min":1,"max":1}}]},{"type":"item","weight":1,"name":"minecraft:gold_nugget","functions":[{"function":"set_count","count":{"min":1,"max":1}}]},{"type":"item","weight":1,"name":"minecraft:spider_eye","functions":[{"function":"set_count","count":{"min":1,"max":1}}]},{"type":"item","weight":1,"name":"minecraft:string","functions":[{"function":"set_count","count":{"min":1,"max":1}}]}]}]}