{"id":"1594842601215","name":"Rainbow Destroyer ","pools":[{"rolls":3,"entries":[{"type":"item","weight":1,"name":"pa:red_iron_ingot","functions":[{"function":"set_count","count":{"min":1,"max":1}}]},{"type":"item","weight":1,"name":"pa:rainbow_powder","functions":[{"function":"set_count","count":{"min":1,"max":1}}]},{"type":"item","weight":1,"name":"pa:orb_of_life","functions":[{"function":"set_count","count":{"min":1,"max":1}}]},{"type":"item","weight":1,"name":"pa:life_orb","functions":[{"function":"set_count","count":{"min":1,"max":1}}]},{"type":"item","weight":1,"name":"minecraft:diamond","functions":[{"function":"set_count","count":{"min":1,"max":1}}]},{"type":"item","weight":1,"name":"minecraft:gold_ingot","functions":[{"function":"set_count","count":{"min":1,"max":1}}]}]},{"rolls":1,"entries":[{"type":"item","weight":1,"name":"pa:rainbow_powder","functions":[{"function":"set_count","count":{"min":1,"max":1}}]}]}]}